feature_name,x_value,phi_value
plan_cpu,100.0,1.3968475
plan_cpu,108.5427135678392,1.374648
plan_cpu,117.08542713567839,1.3516321
plan_cpu,125.62814070351759,1.3278093
plan_cpu,134.17085427135677,1.3031881
plan_cpu,142.71356783919597,1.2777779
plan_cpu,151.25628140703517,1.2515872
plan_cpu,159.79899497487438,1.2246253
plan_cpu,168.34170854271355,1.1969016
plan_cpu,176.88442211055275,1.1684244
plan_cpu,185.42713567839195,1.1392033
plan_cpu,193.96984924623115,1.1092471
plan_cpu,202.51256281407035,1.0785646
plan_cpu,211.05527638190955,1.0471652
plan_cpu,219.59798994974875,1.0150577
plan_cpu,228.14070351758792,0.98225117
plan_cpu,236.68341708542712,0.948758
plan_cpu,245.22613065326632,0.9146205
plan_cpu,253.76884422110552,0.8798973
plan_cpu,262.3115577889447,0.8446468
plan_cpu,270.8542713567839,0.8089277
plan_cpu,279.3969849246231,0.7727984
plan_cpu,287.9396984924623,0.73631763
plan_cpu,296.4824120603015,0.69954383
plan_cpu,305.0251256281407,0.6625355
plan_cpu,313.5678391959799,0.6253513
plan_cpu,322.1105527638191,0.5880499
plan_cpu,330.6532663316583,0.55068964
plan_cpu,339.1959798994975,0.5133292
plan_cpu,347.7386934673367,0.47602707
plan_cpu,356.28140703517585,0.43884188
plan_cpu,364.82412060301505,0.40183216
plan_cpu,373.36683417085425,0.36505646
plan_cpu,381.90954773869345,0.32857335
plan_cpu,390.45226130653265,0.2924414
plan_cpu,398.99497487437185,0.25671923
plan_cpu,407.53768844221105,0.22146526
plan_cpu,416.08040201005025,0.1867382
plan_cpu,424.6231155778894,0.1525965
plan_cpu,433.1658291457286,0.11908996
plan_cpu,441.7085427135678,0.08623475
plan_cpu,450.251256281407,0.054038346
plan_cpu,458.7939698492462,0.022508442
plan_cpu,467.3366834170854,-0.008347034
plan_cpu,475.8793969849246,-0.038520873
plan_cpu,484.4221105527638,-0.068005085
plan_cpu,492.964824120603,-0.09679192
plan_cpu,501.5075376884422,-0.12487388
plan_cpu,510.0502512562814,-0.1522432
plan_cpu,518.5929648241206,-0.17889237
plan_cpu,527.1356783919598,-0.20481342
plan_cpu,535.678391959799,-0.22999889
plan_cpu,544.2211055276382,-0.2544409
plan_cpu,552.7638190954774,-0.27813172
plan_cpu,561.3065326633166,-0.3010642
plan_cpu,569.8492462311558,-0.32323003
plan_cpu,578.391959798995,-0.3446219
plan_cpu,586.9346733668342,-0.36523187
plan_cpu,595.4773869346734,-0.38505256
plan_cpu,604.0201005025125,-0.4040761
plan_cpu,612.5628140703517,-0.4222948
plan_cpu,621.1055276381909,-0.43970108
plan_cpu,629.6482412060301,-0.45629036
plan_cpu,638.1909547738693,-0.4720646
plan_cpu,646.7336683417085,-0.48702574
plan_cpu,655.2763819095477,-0.50117576
plan_cpu,663.8190954773869,-0.5145173
plan_cpu,672.3618090452261,-0.5270519
plan_cpu,680.9045226130653,-0.53878236
plan_cpu,689.4472361809045,-0.5497104
plan_cpu,697.9899497487437,-0.5598382
plan_cpu,706.5326633165829,-0.5691682
plan_cpu,715.0753768844221,-0.5777025
plan_cpu,723.6180904522613,-0.58544314
plan_cpu,732.1608040201005,-0.5923923
plan_cpu,740.7035175879396,-0.5985521
plan_cpu,749.2462311557788,-0.6039249
plan_cpu,757.788944723618,-0.60851264
plan_cpu,766.3316582914572,-0.6123177
plan_cpu,774.8743718592964,-0.6153419
plan_cpu,783.4170854271356,-0.6175879
plan_cpu,791.9597989949748,-0.61905754
plan_cpu,800.502512562814,-0.619753
plan_cpu,809.0452261306532,-0.61967635
plan_cpu,817.5879396984924,-0.61883056
plan_cpu,826.1306532663316,-0.61722565
plan_cpu,834.6733668341708,-0.61487925
plan_cpu,843.21608040201,-0.6118089
plan_cpu,851.7587939698492,-0.6080322
plan_cpu,860.3015075376884,-0.603567
plan_cpu,868.8442211055276,-0.59843063
plan_cpu,877.3869346733668,-0.5926409
plan_cpu,885.929648241206,-0.5862155
plan_cpu,894.4723618090452,-0.579172
plan_cpu,903.0150753768844,-0.57152796
plan_cpu,911.5577889447236,-0.5633011
plan_cpu,920.1005025125628,-0.5545089
plan_cpu,928.6432160804019,-0.54516935
plan_cpu,937.1859296482411,-0.53529966
plan_cpu,945.7286432160803,-0.5249176
plan_cpu,954.2713567839195,-0.51404107
plan_cpu,962.8140703517587,-0.50268734
plan_cpu,971.3567839195979,-0.4908743
plan_cpu,979.8994974874371,-0.4786191
plan_cpu,988.4422110552763,-0.46594012
plan_cpu,996.9849246231155,-0.4528544
plan_cpu,1005.5276381909547,-0.43937993
plan_cpu,1014.0703517587939,-0.42553544
plan_cpu,1022.6130653266331,-0.4113505
plan_cpu,1031.1557788944724,-0.39685822
plan_cpu,1039.6984924623116,-0.38209236
plan_cpu,1048.2412060301508,-0.36708653
plan_cpu,1056.78391959799,-0.35187435
plan_cpu,1065.3266331658292,-0.33648884
plan_cpu,1073.8693467336684,-0.32096386
plan_cpu,1082.4120603015076,-0.30533326
plan_cpu,1090.9547738693468,-0.28962988
plan_cpu,1099.497487437186,-0.27388787
plan_cpu,1108.040201005025,-0.2581402
plan_cpu,1116.5829145728642,-0.24242103
plan_cpu,1125.1256281407034,-0.22676325
plan_cpu,1133.6683417085426,-0.21120095
plan_cpu,1142.2110552763818,-0.19576728
plan_cpu,1150.753768844221,-0.18049598
plan_cpu,1159.2964824120602,-0.16542041
plan_cpu,1167.8391959798994,-0.15057427
plan_cpu,1176.3819095477386,-0.13599086
plan_cpu,1184.9246231155778,-0.12170404
plan_cpu,1193.467336683417,-0.1077469
plan_cpu,1202.0100502512562,-0.094153404
plan_cpu,1210.5527638190954,-0.08095002
plan_cpu,1219.0954773869346,-0.06814355
plan_cpu,1227.6381909547738,-0.055735886
plan_cpu,1236.180904522613,-0.043729782
plan_cpu,1244.7236180904522,-0.03212726
plan_cpu,1253.2663316582914,-0.020931005
plan_cpu,1261.8090452261306,-0.010143161
plan_cpu,1270.3517587939698,0.00023376942
plan_cpu,1278.894472361809,0.010197639
plan_cpu,1287.4371859296482,0.019745708
plan_cpu,1295.9798994974874,0.028876066
plan_cpu,1304.5226130653266,0.037585914
plan_cpu,1313.0653266331658,0.045873225
plan_cpu,1321.608040201005,0.053735375
plan_cpu,1330.1507537688442,0.06117025
plan_cpu,1338.6934673366834,0.06817523
plan_cpu,1347.2361809045226,0.07474822
plan_cpu,1355.7788944723618,0.0808866
plan_cpu,1364.321608040201,0.086588204
plan_cpu,1372.8643216080402,0.09185049
plan_cpu,1381.4070351758792,0.096671194
plan_cpu,1389.9497487437184,0.10104799
plan_cpu,1398.4924623115576,0.10497859
plan_cpu,1407.0351758793968,0.10846466
plan_cpu,1415.577889447236,0.11151418
plan_cpu,1424.1206030150752,0.114135236
plan_cpu,1432.6633165829144,0.116336256
plan_cpu,1441.2060301507536,0.11812541
plan_cpu,1449.7487437185928,0.11951092
plan_cpu,1458.291457286432,0.12050122
plan_cpu,1466.8341708542712,0.12110436
plan_cpu,1475.3768844221104,0.12132871
plan_cpu,1483.9195979899496,0.12118259
plan_cpu,1492.4623115577888,0.12067422
plan_cpu,1501.005025125628,0.11981186
plan_cpu,1509.5477386934672,0.11860371
plan_cpu,1518.0904522613064,0.11705813
plan_cpu,1526.6331658291456,0.115183294
plan_cpu,1535.1758793969848,0.11298761
plan_cpu,1543.718592964824,0.110479265
plan_cpu,1552.2613065326632,0.1076664
plan_cpu,1560.8040201005024,0.104557484
plan_cpu,1569.3467336683416,0.101160645
plan_cpu,1577.8894472361808,0.09748423
plan_cpu,1586.43216080402,0.09353644
plan_cpu,1594.9748743718592,0.08932543
plan_cpu,1603.5175879396984,0.08485657
plan_cpu,1612.0603015075376,0.08013359
plan_cpu,1620.6030150753768,0.07515997
plan_cpu,1629.145728643216,0.069939286
plan_cpu,1637.6884422110552,0.06447524
plan_cpu,1646.2311557788944,0.058771193
plan_cpu,1654.7738693467336,0.052830935
plan_cpu,1663.3165829145728,0.04665786
plan_cpu,1671.859296482412,0.040255725
plan_cpu,1680.4020100502512,0.033627927
plan_cpu,1688.9447236180904,0.026778221
plan_cpu,1697.4874371859296,0.019709945
plan_cpu,1706.0301507537688,0.012426853
plan_cpu,1714.572864321608,0.0049324036
plan_cpu,1723.1155778894472,-0.0027697086
plan_cpu,1731.6582914572864,-0.010676026
plan_cpu,1740.2010050251256,-0.018782794
plan_cpu,1748.7437185929646,-0.027086675
plan_cpu,1757.2864321608038,-0.035583913
plan_cpu,1765.829145728643,-0.04427117
plan_cpu,1774.3718592964822,-0.053144515
plan_cpu,1782.9145728643214,-0.062200665
plan_cpu,1791.4572864321606,-0.07143885
plan_cpu,1800.0,-0.080874324
plan_mem,5.859375,-0.5595556
plan_mem,6.124371859296483,-0.5490131
plan_mem,6.389368718592965,-0.5387546
plan_mem,6.654365577889447,-0.5287767
plan_mem,6.91936243718593,-0.519077
plan_mem,7.184359296482413,-0.5096525
plan_mem,7.4493561557788945,-0.5005001
plan_mem,7.7143530150753765,-0.49161708
plan_mem,7.979349874371859,-0.48300058
plan_mem,8.244346733668342,-0.47464776
plan_mem,8.509343592964825,-0.4665556
plan_mem,8.774340452261306,-0.45872134
plan_mem,9.039337311557789,-0.45113736
plan_mem,9.304334170854272,-0.44379014
plan_mem,9.569331030150753,-0.43666458
plan_mem,9.834327889447236,-0.4297462
plan_mem,10.099324748743719,-0.42302036
plan_mem,10.364321608040202,-0.41647243
plan_mem,10.629318467336685,-0.4100876
plan_mem,10.894315326633166,-0.40385127
plan_mem,11.159312185929648,-0.3977489
plan_mem,11.424309045226131,-0.3917657
plan_mem,11.689305904522612,-0.3858871
plan_mem,11.954302763819095,-0.38009834
plan_mem,12.219299623115578,-0.37438488
plan_mem,12.484296482412061,-0.36873198
plan_mem,12.749293341708544,-0.36312497
plan_mem,13.014290201005025,-0.3575493
plan_mem,13.279287060301508,-0.3519901
plan_mem,13.54428391959799,-0.34643304
plan_mem,13.809280778894472,-0.3408631
plan_mem,14.074277638190955,-0.33526593
plan_mem,14.339274497487438,-0.32962674
plan_mem,14.60427135678392,-0.32393074
plan_mem,14.869268216080403,-0.31816345
plan_mem,15.134265075376884,-0.31231052
plan_mem,15.399261934673367,-0.30635822
plan_mem,15.66425879396985,-0.30029362
plan_mem,15.929255653266331,-0.29410344
plan_mem,16.194252512562812,-0.28777432
plan_mem,16.459249371859297,-0.28129315
plan_mem,16.72424623115578,-0.27464664
plan_mem,16.989243090452263,-0.2678216
plan_mem,17.254239949748744,-0.26080483
plan_mem,17.519236809045225,-0.253583
plan_mem,17.78423366834171,-0.24614306
plan_mem,18.04923052763819,-0.23847164
plan_mem,18.314227386934675,-0.23055555
plan_mem,18.579224246231156,-0.2223816
plan_mem,18.844221105527637,-0.21393652
plan_mem,19.109217964824122,-0.2052071
plan_mem,19.374214824120603,-0.19618021
plan_mem,19.639211683417088,-0.18684243
plan_mem,19.90420854271357,-0.1771807
plan_mem,20.16920540201005,-0.16718169
plan_mem,20.43420226130653,-0.15683226
plan_mem,20.699199120603016,-0.14611915
plan_mem,20.9641959798995,-0.13502908
plan_mem,21.22919283919598,-0.12355229
plan_mem,21.494189698492463,-0.111710176
plan_mem,21.759186557788944,-0.09954117
plan_mem,22.02418341708543,-0.087084085
plan_mem,22.28918027638191,-0.074377686
plan_mem,22.554177135678394,-0.06146048
plan_mem,22.819173994974875,-0.048371375
plan_mem,23.084170854271356,-0.035148904
plan_mem,23.34916771356784,-0.02183187
plan_mem,23.614164572864322,-0.008459061
plan_mem,23.879161432160807,0.0049310103
plan_mem,24.144158291457288,0.018299565
plan_mem,24.40915515075377,0.031607773
plan_mem,24.674152010050253,0.044817135
plan_mem,24.939148869346734,0.057888754
plan_mem,25.204145728643216,0.07078409
plan_mem,25.4691425879397,0.08346438
plan_mem,25.73413944723618,0.09589081
plan_mem,25.999136306532662,0.10802486
plan_mem,26.264133165829147,0.11982773
plan_mem,26.529130025125628,0.13126063
plan_mem,26.794126884422113,0.14228505
plan_mem,27.059123743718594,0.15286207
plan_mem,27.324120603015075,0.16295369
plan_mem,27.58911746231156,0.17253873
plan_mem,27.85411432160804,0.18161646
plan_mem,28.119111180904525,0.19018745
plan_mem,28.384108040201006,0.19825223
plan_mem,28.649104899497488,0.20581126
plan_mem,28.914101758793972,0.21286517
plan_mem,29.179098618090453,0.21941441
plan_mem,29.444095477386934,0.22545956
plan_mem,29.70909233668342,0.2310011
plan_mem,29.9740891959799,0.23603953
plan_mem,30.23908605527638,0.24057546
plan_mem,30.504082914572866,0.24460937
plan_mem,30.769079773869347,0.24814175
plan_mem,31.03407663316583,0.25117314
plan_mem,31.299073492462313,0.25370416
plan_mem,31.564070351758794,0.25573522
plan_mem,31.82906721105528,0.25726688
plan_mem,32.09406407035176,0.25829965
plan_mem,32.359060929648244,0.25883412
plan_mem,32.624057788944725,0.25887078
plan_mem,32.889054648241206,0.2584101
plan_mem,33.15405150753769,0.25745267
plan_mem,33.419048366834176,0.25599903
plan_mem,33.68404522613065,0.25405532
plan_mem,33.94904208542714,0.25164303
plan_mem,34.21403894472362,0.24878621
plan_mem,34.4790358040201,0.24550885
plan_mem,34.74403266331659,0.24183488
plan_mem,35.00902952261306,0.23778847
plan_mem,35.27402638190955,0.23339355
plan_mem,35.53902324120603,0.2286741
plan_mem,35.80402010050251,0.22365424
plan_mem,36.069016959799,0.21835797
plan_mem,36.334013819095475,0.21280915
plan_mem,36.59901067839196,0.207032
plan_mem,36.864007537688444,0.20105045
plan_mem,37.129004396984925,0.19488841
plan_mem,37.39400125628141,0.18857013
plan_mem,37.65899811557789,0.18211946
plan_mem,37.923994974874375,0.17556038
plan_mem,38.18899183417086,0.16891709
plan_mem,38.45398869346734,0.16221346
plan_mem,38.71898555276382,0.15547356
plan_mem,38.9839824120603,0.1487213
plan_mem,39.24897927135679,0.14198086
plan_mem,39.51397613065327,0.13527618
plan_mem,39.77897298994975,0.1286303
plan_mem,40.04396984924623,0.12206055
plan_mem,40.30896670854271,0.11558162
plan_mem,40.5739635678392,0.10920817
plan_mem,40.83896042713568,0.10295512
plan_mem,41.10395728643216,0.096837156
plan_mem,41.368954145728644,0.090868935
plan_mem,41.633951005025125,0.085065395
plan_mem,41.89894786432161,0.07944119
plan_mem,42.163944723618094,0.07401101
plan_mem,42.428941582914575,0.06878975
plan_mem,42.693938442211056,0.063792095
plan_mem,42.95893530150754,0.05903275
plan_mem,43.22393216080402,0.054526582
plan_mem,43.48892902010051,0.050288267
plan_mem,43.75392587939699,0.046332605
plan_mem,44.01892273869347,0.04267426
plan_mem,44.28391959798995,0.039328095
plan_mem,44.54891645728643,0.03630883
plan_mem,44.81391331658292,0.03363117
plan_mem,45.0789101758794,0.031309955
plan_mem,45.34390703517588,0.029359885
plan_mem,45.60890389447236,0.027795717
plan_mem,45.873900753768844,0.026631862
plan_mem,46.138897613065325,0.025875494
plan_mem,46.40389447236181,0.025527306
plan_mem,46.668891331658294,0.025587708
plan_mem,46.933888190954775,0.026057154
plan_mem,47.198885050251256,0.026936114
plan_mem,47.46388190954774,0.028224975
plan_mem,47.728878768844226,0.029924192
plan_mem,47.99387562814071,0.03203421
plan_mem,48.25887248743719,0.034555502
plan_mem,48.52386934673367,0.03748843
plan_mem,48.78886620603015,0.040833488
plan_mem,49.05386306532664,0.04459113
plan_mem,49.31885992462312,0.04876172
plan_mem,49.5838567839196,0.053345744
plan_mem,49.84885364321608,0.058343694
plan_mem,50.11385050251256,0.06375589
plan_mem,50.37884736180905,0.069582835
plan_mem,50.64384422110553,0.07582504
plan_mem,50.90884108040201,0.08248279
plan_mem,51.173837939698494,0.0895566
plan_mem,51.438834798994975,0.09704701
plan_mem,51.703831658291456,0.10495426
plan_mem,51.968828517587944,0.11327888
plan_mem,52.233825376884425,0.122021675
plan_mem,52.49882223618091,0.13118427
plan_mem,52.76381909547739,0.140768
plan_mem,53.02881595477387,0.15077455
plan_mem,53.29381281407036,0.16120566
plan_mem,53.55880967336684,0.17206265
plan_mem,53.82380653266332,0.18334723
plan_mem,54.0888033919598,0.19506113
plan_mem,54.35380025125628,0.20720562
plan_mem,54.61879711055276,0.21978243
plan_mem,54.88379396984925,0.23279335
plan_mem,55.14879082914573,0.24623959
plan_mem,55.41378768844221,0.2601229
plan_mem,55.678784547738694,0.2744451
plan_mem,55.943781407035175,0.28920734
plan_mem,56.20877826633166,0.3044114
plan_mem,56.473775125628144,0.32005888
plan_mem,56.738771984924625,0.3361516
plan_mem,57.003768844221106,0.3526907
plan_mem,57.26876570351759,0.36967784
plan_mem,57.533762562814076,0.38711506
plan_mem,57.79875942211056,0.4050033
plan_mem,58.06375628140704,0.4233445
plan_mem,58.32875314070352,0.44214976
plan_mem,58.59375,0.46147346
plan_gpu,10.0,-0.08700819
plan_gpu,10.452261306532664,-0.07244791
plan_gpu,10.904522613065327,-0.058254436
plan_gpu,11.35678391959799,-0.04442744
plan_gpu,11.809045226130653,-0.030966625
plan_gpu,12.261306532663317,-0.017871737
plan_gpu,12.71356783919598,-0.00514248
plan_gpu,13.165829145728644,0.00722152
plan_gpu,13.618090452261306,0.019220471
plan_gpu,14.07035175879397,0.030854687
plan_gpu,14.522613065326635,0.042124525
plan_gpu,14.974874371859297,0.053030163
plan_gpu,15.42713567839196,0.06357202
plan_gpu,15.879396984924623,0.07375027
plan_gpu,16.331658291457288,0.08356531
plan_gpu,16.78391959798995,0.09301737
plan_gpu,17.236180904522612,0.10210677
plan_gpu,17.688442211055275,0.1108338
plan_gpu,18.14070351758794,0.119198754
plan_gpu,18.592964824120603,0.12720194
plan_gpu,19.04522613065327,0.13484366
plan_gpu,19.49748743718593,0.14212412
plan_gpu,19.949748743718594,0.14904374
plan_gpu,20.402010050251256,0.15560275
plan_gpu,20.85427135678392,0.1618014
plan_gpu,21.30653266331658,0.16764009
plan_gpu,21.758793969849247,0.17311902
plan_gpu,22.21105527638191,0.17823857
plan_gpu,22.663316582914575,0.18299896
plan_gpu,23.115577889447238,0.18740052
plan_gpu,23.5678391959799,0.19144352
plan_gpu,24.020100502512562,0.19512828
plan_gpu,24.472361809045225,0.19845511
plan_gpu,24.92462311557789,0.20142424
plan_gpu,25.376884422110553,0.20403603
plan_gpu,25.82914572864322,0.20629072
plan_gpu,26.28140703517588,0.20818865
plan_gpu,26.733668341708544,0.2097301
plan_gpu,27.185929648241206,0.21091536
plan_gpu,27.63819095477387,0.21174473
plan_gpu,28.090452261306535,0.2122185
plan_gpu,28.542713567839197,0.21233906
plan_gpu,28.99497487437186,0.21211499
plan_gpu,29.44723618090452,0.21155609
plan_gpu,29.899497487437188,0.2106721
plan_gpu,30.35175879396985,0.20947278
plan_gpu,30.804020100502512,0.20796788
plan_gpu,31.256281407035175,0.20616716
plan_gpu,31.70854271356784,0.20408039
plan_gpu,32.1608040201005,0.20171727
plan_gpu,32.61306532663316,0.19908763
plan_gpu,33.06532663316583,0.1962012
plan_gpu,33.517587939698494,0.19306776
plan_gpu,33.969849246231156,0.18969703
plan_gpu,34.42211055276382,0.18609875
plan_gpu,34.87437185929649,0.18228275
plan_gpu,35.32663316582915,0.17825873
plan_gpu,35.77889447236181,0.17403647
plan_gpu,36.231155778894475,0.16962573
plan_gpu,36.68341708542714,0.16503625
plan_gpu,37.1356783919598,0.16027778
plan_gpu,37.58793969849246,0.1553601
plan_gpu,38.040201005025125,0.15029296
plan_gpu,38.49246231155779,0.14508615
plan_gpu,38.94472361809045,0.13974941
plan_gpu,39.39698492462311,0.13429242
plan_gpu,39.84924623115578,0.12872504
plan_gpu,40.301507537688444,0.12305698
plan_gpu,40.753768844221106,0.11729801
plan_gpu,41.20603015075377,0.11145785
plan_gpu,41.65829145728644,0.10554636
plan_gpu,42.11055276381909,0.09957317
plan_gpu,42.56281407035176,0.093548134
plan_gpu,43.015075376884425,0.08748095
plan_gpu,43.46733668341709,0.08138141
plan_gpu,43.91959798994975,0.07525922
plan_gpu,44.37185929648241,0.06912424
plan_gpu,44.824120603015075,0.062986106
plan_gpu,45.27638190954774,0.05685465
plan_gpu,45.7286432160804,0.050739616
plan_gpu,46.18090452261307,0.044650763
plan_gpu,46.63316582914573,0.038597807
plan_gpu,47.085427135678394,0.032590628
plan_gpu,47.537688442211056,0.026638836
plan_gpu,47.98994974874372,0.020752251
plan_gpu,48.44221105527638,0.014940634
plan_gpu,48.89447236180904,0.009213716
plan_gpu,49.34673366834171,0.0035812706
plan_gpu,49.798994974874375,-0.001948759
plan_gpu,50.25125628140704,-0.0073748976
plan_gpu,50.7035175879397,-0.012696877
plan_gpu,51.15577889447236,-0.01791443
plan_gpu,51.608040201005025,-0.023027197
plan_gpu,52.06030150753769,-0.028034985
plan_gpu,52.51256281407035,-0.032937407
plan_gpu,52.96482412060302,-0.0377343
plan_gpu,53.41708542713568,-0.04242541
plan_gpu,53.869346733668344,-0.047010288
plan_gpu,54.321608040201006,-0.05148889
plan_gpu,54.77386934673367,-0.055860743
plan_gpu,55.22613065326633,-0.060125723
plan_gpu,55.678391959798994,-0.064283386
plan_gpu,56.13065326633166,-0.06833361
plan_gpu,56.582914572864325,-0.07227604
plan_gpu,57.03517587939699,-0.07611044
plan_gpu,57.48743718592965,-0.07983656
plan_gpu,57.93969849246231,-0.08345403
plan_gpu,58.391959798994975,-0.086962625
plan_gpu,58.84422110552764,-0.09036206
plan_gpu,59.2964824120603,-0.093652055
plan_gpu,59.74874371859297,-0.09683244
plan_gpu,60.20100502512563,-0.099902734
plan_gpu,60.653266331658294,-0.10286285
plan_gpu,61.10552763819096,-0.10571237
plan_gpu,61.55778894472362,-0.1084512
plan_gpu,62.01005025125628,-0.11107884
plan_gpu,62.462311557788944,-0.11359514
plan_gpu,62.91457286432161,-0.11599986
plan_gpu,63.366834170854275,-0.118292615
plan_gpu,63.81909547738694,-0.12047322
plan_gpu,64.2713567839196,-0.12254138
plan_gpu,64.72361809045226,-0.12449677
plan_gpu,65.17587939698493,-0.12633921
plan_gpu,65.62814070351759,-0.12806828
plan_gpu,66.08040201005025,-0.12968387
plan_gpu,66.53266331658293,-0.13118558
plan_gpu,66.98492462311557,-0.13257314
plan_gpu,67.43718592964825,-0.13384639
plan_gpu,67.8894472361809,-0.13500492
plan_gpu,68.34170854271358,-0.13604854
plan_gpu,68.79396984924622,-0.13697691
plan_gpu,69.2462311557789,-0.13778983
plan_gpu,69.69849246231156,-0.1384869
plan_gpu,70.15075376884423,-0.13906805
plan_gpu,70.60301507537689,-0.13953282
plan_gpu,71.05527638190955,-0.1398815
plan_gpu,71.50753768844221,-0.14011605
plan_gpu,71.95979899497488,-0.14023884
plan_gpu,72.41206030150754,-0.14025243
plan_gpu,72.8643216080402,-0.14015903
plan_gpu,73.31658291457288,-0.13996117
plan_gpu,73.76884422110552,-0.13966124
plan_gpu,74.22110552763819,-0.13926156
plan_gpu,74.67336683417085,-0.13876466
plan_gpu,75.12562814070353,-0.13817288
plan_gpu,75.57788944723619,-0.13748862
plan_gpu,76.03015075376885,-0.1367143
plan_gpu,76.48241206030151,-0.13585238
plan_gpu,76.93467336683418,-0.13490514
plan_gpu,77.38693467336684,-0.13387515
plan_gpu,77.8391959798995,-0.13276465
plan_gpu,78.29145728643216,-0.13157617
plan_gpu,78.74371859296483,-0.13031204
plan_gpu,79.19597989949749,-0.12897469
plan_gpu,79.64824120603015,-0.12756653
plan_gpu,80.10050251256281,-0.12608995
plan_gpu,80.55276381909547,-0.12454747
plan_gpu,81.00502512562814,-0.12294127
plan_gpu,81.4572864321608,-0.12127398
plan_gpu,81.90954773869348,-0.11954783
plan_gpu,82.36180904522614,-0.11776535
plan_gpu,82.8140703517588,-0.1159289
plan_gpu,83.26633165829146,-0.11404087
plan_gpu,83.71859296482413,-0.112103656
plan_gpu,84.17085427135679,-0.110119775
plan_gpu,84.62311557788945,-0.10809149
plan_gpu,85.07537688442211,-0.10602124
plan_gpu,85.52763819095478,-0.103911445
plan_gpu,85.97989949748744,-0.101764604
plan_gpu,86.4321608040201,-0.099583015
plan_gpu,86.88442211055276,-0.09736909
plan_gpu,87.33668341708542,-0.09512527
plan_gpu,87.78894472361809,-0.09285392
plan_gpu,88.24120603015075,-0.0905575
plan_gpu,88.69346733668343,-0.088238314
plan_gpu,89.14572864321609,-0.08589892
plan_gpu,89.59798994974875,-0.08354165
plan_gpu,90.05025125628141,-0.081168845
plan_gpu,90.50251256281408,-0.07878302
plan_gpu,90.95477386934674,-0.07638647
plan_gpu,91.4070351758794,-0.07398172
plan_gpu,91.85929648241206,-0.07157113
plan_gpu,92.31155778894473,-0.06915678
plan_gpu,92.76381909547739,-0.06673987
plan_gpu,93.21608040201005,-0.064321145
plan_gpu,93.66834170854271,-0.061901465
plan_gpu,94.12060301507537,-0.059481665
plan_gpu,94.57286432160804,-0.05706258
plan_gpu,95.0251256281407,-0.054645017
plan_gpu,95.47738693467338,-0.052229717
plan_gpu,95.92964824120604,-0.049817666
plan_gpu,96.3819095477387,-0.04740955
plan_gpu,96.83417085427136,-0.04500632
plan_gpu,97.28643216080403,-0.042608693
plan_gpu,97.73869346733669,-0.040217534
plan_gpu,98.19095477386935,-0.037833676
plan_gpu,98.64321608040201,-0.035457894
plan_gpu,99.09547738693468,-0.033091143
plan_gpu,99.54773869346734,-0.030734092
plan_gpu,100.0,-0.02838765
inst_num,1.0,0.3681869
inst_num,1.0954773869346734,0.35956472
inst_num,1.1909547738693467,0.35105532
inst_num,1.2864321608040201,0.34265384
inst_num,1.3819095477386933,0.33435518
inst_num,1.4773869346733668,0.32615453
inst_num,1.5728643216080402,0.3180485
inst_num,1.6683417085427137,0.31003645
inst_num,1.763819095477387,0.3021179
inst_num,1.8592964824120601,0.2942924
inst_num,1.9547738693467336,0.2865594
inst_num,2.050251256281407,0.27891847
inst_num,2.1457286432160805,0.27136916
inst_num,2.241206030150754,0.26391095
inst_num,2.3366834170854274,0.25654334
inst_num,2.4321608040201004,0.2492659
inst_num,2.527638190954774,0.24207813
inst_num,2.6231155778894473,0.23497956
inst_num,2.7185929648241203,0.22796969
inst_num,2.8140703517587937,0.22104812
inst_num,2.909547738693467,0.21421427
inst_num,3.0050251256281406,0.2074677
inst_num,3.100502512562814,0.20080793
inst_num,3.1959798994974875,0.19423452
inst_num,3.291457286432161,0.18774699
inst_num,3.386934673366834,0.18134476
inst_num,3.4824120603015074,0.17502747
inst_num,3.577889447236181,0.16879463
inst_num,3.6733668341708543,0.16264573
inst_num,3.7688442211055277,0.15658022
inst_num,3.8643216080402008,0.15059777
inst_num,3.959798994974874,0.14469783
inst_num,4.055276381909548,0.13887991
inst_num,4.150753768844221,0.13314356
inst_num,4.2462311557788945,0.1274882
inst_num,4.341708542713567,0.12191351
inst_num,4.4371859296482405,0.116419
inst_num,4.532663316582914,0.111004055
inst_num,4.628140703517587,0.105668336
inst_num,4.723618090452261,0.100411266
inst_num,4.819095477386934,0.0952324
inst_num,4.914572864321608,0.09013128
inst_num,5.010050251256281,0.085107416
inst_num,5.105527638190955,0.08016038
inst_num,5.201005025125628,0.07528958
inst_num,5.296482412060302,0.07049468
inst_num,5.391959798994975,0.06577507
inst_num,5.4874371859296485,0.061130375
inst_num,5.582914572864322,0.05656001
inst_num,5.6783919597989945,0.052063584
inst_num,5.773869346733668,0.04764059
inst_num,5.869346733668341,0.043290526
inst_num,5.964824120603015,0.039013058
inst_num,6.060301507537688,0.034807503
inst_num,6.155778894472362,0.030673534
inst_num,6.251256281407035,0.026610553
inst_num,6.346733668341709,0.022618145
inst_num,6.442211055276382,0.01869589
inst_num,6.5376884422110555,0.0148432255
inst_num,6.633165829145728,0.011059672
inst_num,6.7286432160804015,0.007344842
inst_num,6.824120603015075,0.0036981404
inst_num,6.919597989949748,0.00011923909
inst_num,7.015075376884422,-0.0033920705
inst_num,7.110552763819095,-0.0068362057
inst_num,7.206030150753769,-0.010213286
inst_num,7.301507537688442,-0.013523698
inst_num,7.396984924623116,-0.01676765
inst_num,7.492462311557789,-0.019945443
inst_num,7.5879396984924625,-0.023057222
inst_num,7.683417085427135,-0.026103348
inst_num,7.7788944723618085,-0.029084086
inst_num,7.874371859296482,-0.031999648
inst_num,7.969849246231155,-0.03485042
inst_num,8.065326633165828,-0.03763655
inst_num,8.160804020100503,-0.040358335
inst_num,8.256281407035175,-0.043015987
inst_num,8.35175879396985,-0.04560992
inst_num,8.447236180904522,-0.04814014
inst_num,8.542713567839197,-0.050607204
inst_num,8.638190954773869,-0.05301124
inst_num,8.733668341708542,-0.05535248
inst_num,8.829145728643216,-0.057631224
inst_num,8.924623115577889,-0.059847772
inst_num,9.020100502512562,-0.06200227
inst_num,9.115577889447236,-0.06409514
inst_num,9.21105527638191,-0.066126496
inst_num,9.306532663316583,-0.06809679
inst_num,9.402010050251256,-0.07000613
inst_num,9.49748743718593,-0.0718548
inst_num,9.592964824120603,-0.07364309
inst_num,9.688442211055277,-0.075371236
inst_num,9.78391959798995,-0.0770396
inst_num,9.879396984924623,-0.0786483
inst_num,9.974874371859297,-0.08019775
inst_num,10.07035175879397,-0.081688106
inst_num,10.165829145728644,-0.08311963
inst_num,10.261306532663315,-0.084492624
inst_num,10.356783919597989,-0.08580744
inst_num,10.452261306532662,-0.08706415
inst_num,10.547738693467336,-0.08826327
inst_num,10.64321608040201,-0.08940479
inst_num,10.738693467336683,-0.09048909
inst_num,10.834170854271356,-0.091516495
inst_num,10.92964824120603,-0.092487186
inst_num,11.025125628140703,-0.09340149
inst_num,11.120603015075377,-0.09425962
inst_num,11.21608040201005,-0.09506187
inst_num,11.311557788944723,-0.095808536
inst_num,11.407035175879397,-0.09649974
inst_num,11.50251256281407,-0.09713587
inst_num,11.597989949748744,-0.097717226
inst_num,11.693467336683417,-0.09824398
inst_num,11.78894472361809,-0.09871644
inst_num,11.884422110552764,-0.09913489
inst_num,11.979899497487438,-0.09949952
inst_num,12.075376884422111,-0.09981066
inst_num,12.170854271356784,-0.10006848
inst_num,12.266331658291456,-0.10027379
inst_num,12.36180904522613,-0.10042763
inst_num,12.457286432160803,-0.10053119
inst_num,12.552763819095476,-0.1005857
inst_num,12.64824120603015,-0.100592256
inst_num,12.743718592964823,-0.10055223
inst_num,12.839195979899497,-0.10046664
inst_num,12.93467336683417,-0.10033673
inst_num,13.030150753768844,-0.10016367
inst_num,13.125628140703517,-0.09994879
inst_num,13.22110552763819,-0.09969309
inst_num,13.316582914572864,-0.09939793
inst_num,13.412060301507537,-0.09906435
inst_num,13.507537688442211,-0.09869367
inst_num,13.603015075376884,-0.09828693
inst_num,13.698492462311558,-0.097845435
inst_num,13.793969849246231,-0.09737036
inst_num,13.889447236180905,-0.09686297
inst_num,13.984924623115578,-0.096324265
inst_num,14.080402010050252,-0.09575558
inst_num,14.175879396984925,-0.09515807
inst_num,14.271356783919597,-0.09453294
inst_num,14.36683417085427,-0.09388143
inst_num,14.462311557788944,-0.09320456
inst_num,14.557788944723617,-0.09250373
inst_num,14.65326633165829,-0.09177995
inst_num,14.748743718592964,-0.09103456
inst_num,14.844221105527637,-0.09026861
inst_num,14.93969849246231,-0.08948344
inst_num,15.035175879396984,-0.08868015
inst_num,15.130653266331658,-0.08785999
inst_num,15.226130653266331,-0.08702406
inst_num,15.321608040201005,-0.086173624
inst_num,15.417085427135678,-0.08530986
inst_num,15.512562814070352,-0.08443391
inst_num,15.608040201005025,-0.083547026
inst_num,15.703517587939698,-0.08265039
inst_num,15.798994974874372,-0.08174518
inst_num,15.894472361809045,-0.0808326
inst_num,15.989949748743719,-0.079913795
inst_num,16.085427135678394,-0.07899007
inst_num,16.180904522613066,-0.078062475
inst_num,16.276381909547737,-0.077132285
inst_num,16.371859296482413,-0.076200664
inst_num,16.467336683417084,-0.075268835
inst_num,16.562814070351756,-0.07433796
inst_num,16.65829145728643,-0.07340914
inst_num,16.753768844221106,-0.07248378
inst_num,16.849246231155778,-0.071562916
inst_num,16.94472361809045,-0.07064775
inst_num,17.040201005025125,-0.06973958
inst_num,17.1356783919598,-0.06883943
inst_num,17.231155778894472,-0.06794861
inst_num,17.326633165829143,-0.06706831
inst_num,17.42211055276382,-0.06619963
inst_num,17.51758793969849,-0.06534386
inst_num,17.613065326633166,-0.064501524
inst_num,17.708542713567837,-0.06367272
inst_num,17.804020100502512,-0.06285715
inst_num,17.899497487437184,-0.062054813
inst_num,17.99497487437186,-0.061265588
inst_num,18.09045226130653,-0.060489208
inst_num,18.185929648241206,-0.059725642
inst_num,18.281407035175878,-0.058974713
inst_num,18.376884422110553,-0.05823645
inst_num,18.472361809045225,-0.057510495
inst_num,18.5678391959799,-0.05679691
inst_num,18.66331658291457,-0.05609542
inst_num,18.758793969849247,-0.055406004
inst_num,18.85427135678392,-0.05472845
inst_num,18.949748743718594,-0.054062724
inst_num,19.045226130653266,-0.053408653
inst_num,19.14070351758794,-0.052766085
inst_num,19.236180904522612,-0.05213493
inst_num,19.331658291457288,-0.051515043
inst_num,19.42713567839196,-0.05090618
inst_num,19.52261306532663,-0.050308526
inst_num,19.618090452261306,-0.04972163
inst_num,19.713567839195978,-0.04914552
inst_num,19.809045226130653,-0.04858005
inst_num,19.904522613065325,-0.048025012
inst_num,20.0,-0.047480434
avg_cpu_usr,6.414533343101486,0.12094471
avg_cpu_usr,6.647325275447541,0.12535629
avg_cpu_usr,6.880117207793595,0.12959523
avg_cpu_usr,7.112909140139649,0.13365944
avg_cpu_usr,7.345701072485703,0.13754676
avg_cpu_usr,7.578493004831757,0.14125505
avg_cpu_usr,7.8112849371778115,0.14478216
avg_cpu_usr,8.044076869523865,0.14812593
avg_cpu_usr,8.27686880186992,0.15128425
avg_cpu_usr,8.509660734215974,0.15425496
avg_cpu_usr,8.742452666562027,0.15703592
avg_cpu_usr,8.975244598908082,0.159625
avg_cpu_usr,9.208036531254137,0.16202001
avg_cpu_usr,9.440828463600191,0.16422006
avg_cpu_usr,9.673620395946244,0.16622852
avg_cpu_usr,9.906412328292298,0.16804975
avg_cpu_usr,10.139204260638353,0.16968817
avg_cpu_usr,10.371996192984408,0.17114812
avg_cpu_usr,10.604788125330462,0.17243397
avg_cpu_usr,10.837580057676515,0.17355016
avg_cpu_usr,11.070371990022569,0.17450097
avg_cpu_usr,11.303163922368624,0.17529085
avg_cpu_usr,11.535955854714679,0.17592415
avg_cpu_usr,11.768747787060732,0.17640525
avg_cpu_usr,12.001539719406786,0.17673856
avg_cpu_usr,12.23433165175284,0.1769284
avg_cpu_usr,12.467123584098895,0.1769792
avg_cpu_usr,12.69991551644495,0.17689529
avg_cpu_usr,12.932707448791003,0.17668107
avg_cpu_usr,13.165499381137057,0.17634091
avg_cpu_usr,13.39829131348311,0.17587918
avg_cpu_usr,13.631083245829165,0.1753003
avg_cpu_usr,13.86387517817522,0.1746086
avg_cpu_usr,14.096667110521274,0.17380849
avg_cpu_usr,14.329459042867327,0.17290431
avg_cpu_usr,14.56225097521338,0.17190045
avg_cpu_usr,14.795042907559438,0.17080131
avg_cpu_usr,15.027834839905491,0.16961125
avg_cpu_usr,15.260626772251545,0.16833466
avg_cpu_usr,15.493418704597598,0.16697589
avg_cpu_usr,15.726210636943652,0.16553932
avg_cpu_usr,15.959002569289709,0.16402936
avg_cpu_usr,16.191794501635762,0.16245037
avg_cpu_usr,16.424586433981816,0.16080672
avg_cpu_usr,16.65737836632787,0.15910277
avg_cpu_usr,16.890170298673922,0.15734269
avg_cpu_usr,17.12296223101998,0.15552974
avg_cpu_usr,17.355754163366033,0.15366715
avg_cpu_usr,17.588546095712086,0.15175806
avg_cpu_usr,17.82133802805814,0.14980565
avg_cpu_usr,18.054129960404193,0.1478131
avg_cpu_usr,18.28692189275025,0.14578356
avg_cpu_usr,18.519713825096304,0.14372025
avg_cpu_usr,18.752505757442357,0.14162627
avg_cpu_usr,18.98529768978841,0.13950488
avg_cpu_usr,19.218089622134464,0.1373592
avg_cpu_usr,19.45088155448052,0.13519241
avg_cpu_usr,19.683673486826574,0.1330077
avg_cpu_usr,19.916465419172628,0.13080822
avg_cpu_usr,20.14925735151868,0.12859717
avg_cpu_usr,20.382049283864735,0.1263777
avg_cpu_usr,20.61484121621079,0.124152996
avg_cpu_usr,20.847633148556845,0.12192624
avg_cpu_usr,21.0804250809029,0.119700566
avg_cpu_usr,21.313217013248952,0.11747919
avg_cpu_usr,21.546008945595005,0.11526528
avg_cpu_usr,21.778800877941062,0.11306201
avg_cpu_usr,22.011592810287116,0.11087254
avg_cpu_usr,22.24438474263317,0.10870002
avg_cpu_usr,22.477176674979223,0.106547676
avg_cpu_usr,22.709968607325276,0.104418665
avg_cpu_usr,22.94276053967133,0.10231614
avg_cpu_usr,23.175552472017387,0.1002433
avg_cpu_usr,23.40834440436344,0.09820329
avg_cpu_usr,23.641136336709494,0.096199304
avg_cpu_usr,23.873928269055547,0.094234526
avg_cpu_usr,24.1067202014016,0.09231211
avg_cpu_usr,24.339512133747657,0.0904332
avg_cpu_usr,24.57230406609371,0.08859377
avg_cpu_usr,24.805095998439764,0.08678901
avg_cpu_usr,25.037887930785818,0.08501407
avg_cpu_usr,25.27067986313187,0.08326412
avg_cpu_usr,25.503471795477928,0.08153431
avg_cpu_usr,25.73626372782398,0.07981982
avg_cpu_usr,25.969055660170035,0.07811582
avg_cpu_usr,26.20184759251609,0.07641746
avg_cpu_usr,26.434639524862142,0.07471993
avg_cpu_usr,26.6674314572082,0.07301837
avg_cpu_usr,26.900223389554252,0.07130794
avg_cpu_usr,27.133015321900306,0.06958385
avg_cpu_usr,27.36580725424636,0.06784122
avg_cpu_usr,27.598599186592413,0.06607523
avg_cpu_usr,27.83139111893847,0.064281054
avg_cpu_usr,28.064183051284523,0.06245383
avg_cpu_usr,28.296974983630577,0.060588762
avg_cpu_usr,28.52976691597663,0.058680996
avg_cpu_usr,28.762558848322687,0.056725703
avg_cpu_usr,28.99535078066874,0.05471804
avg_cpu_usr,29.228142713014794,0.05265318
avg_cpu_usr,29.460934645360847,0.05052626
avg_cpu_usr,29.6937265777069,0.048332497
avg_cpu_usr,29.926518510052958,0.04606702
avg_cpu_usr,30.15931044239901,0.04372502
avg_cpu_usr,30.392102374745065,0.04130164
avg_cpu_usr,30.624894307091118,0.038792025
avg_cpu_usr,30.85768623943717,0.036191404
avg_cpu_usr,31.09047817178323,0.033494897
avg_cpu_usr,31.323270104129282,0.030697681
avg_cpu_usr,31.556062036475335,0.027794935
avg_cpu_usr,31.78885396882139,0.024784043
avg_cpu_usr,32.021645901167446,0.021667294
avg_cpu_usr,32.2544378335135,0.01844757
avg_cpu_usr,32.48722976585955,0.015127711
avg_cpu_usr,32.720021698205606,0.0117106065
avg_cpu_usr,32.95281363055166,0.008199111
avg_cpu_usr,33.18560556289771,0.0045961514
avg_cpu_usr,33.418397495243774,0.00090456754
avg_cpu_usr,33.65118942758983,-0.0028727427
avg_cpu_usr,33.88398135993588,-0.006732933
avg_cpu_usr,34.116773292281934,-0.010673128
avg_cpu_usr,34.34956522462799,-0.014690414
avg_cpu_usr,34.58235715697404,-0.018781923
avg_cpu_usr,34.815149089320094,-0.0229448
avg_cpu_usr,35.04794102166615,-0.02717615
avg_cpu_usr,35.2807329540122,-0.031473123
avg_cpu_usr,35.513524886358255,-0.035832845
avg_cpu_usr,35.746316818704315,-0.04025235
avg_cpu_usr,35.97910875105037,-0.044728912
avg_cpu_usr,36.21190068339642,-0.04925958
avg_cpu_usr,36.444692615742476,-0.05384139
avg_cpu_usr,36.67748454808853,-0.058471642
avg_cpu_usr,36.91027648043458,-0.06314727
avg_cpu_usr,37.143068412780636,-0.06786559
avg_cpu_usr,37.37586034512669,-0.07262362
avg_cpu_usr,37.60865227747274,-0.077418394
avg_cpu_usr,37.841444209818796,-0.082247235
avg_cpu_usr,38.07423614216486,-0.087107085
avg_cpu_usr,38.30702807451091,-0.09199526
avg_cpu_usr,38.539820006856964,-0.096908756
avg_cpu_usr,38.77261193920302,-0.101844616
avg_cpu_usr,39.00540387154907,-0.10680013
avg_cpu_usr,39.238195803895124,-0.111770846
avg_cpu_usr,39.47098773624118,-0.11675004
avg_cpu_usr,39.70377966858724,-0.121730424
avg_cpu_usr,39.93657160093329,-0.12670478
avg_cpu_usr,40.169363533279345,-0.1316661
avg_cpu_usr,40.4021554656254,-0.13660705
avg_cpu_usr,40.63494739797145,-0.14152062
avg_cpu_usr,40.867739330317505,-0.14639962
avg_cpu_usr,41.10053126266356,-0.15123671
avg_cpu_usr,41.33332319500961,-0.15602493
avg_cpu_usr,41.566115127355665,-0.160757
avg_cpu_usr,41.79890705970172,-0.16542584
avg_cpu_usr,42.03169899204778,-0.17002425
avg_cpu_usr,42.26449092439383,-0.17454496
avg_cpu_usr,42.497282856739886,-0.17898092
avg_cpu_usr,42.73007478908594,-0.1833249
avg_cpu_usr,42.96286672143199,-0.18756986
avg_cpu_usr,43.19565865377805,-0.1917085
avg_cpu_usr,43.4284505861241,-0.19573364
avg_cpu_usr,43.661242518470154,-0.19963825
avg_cpu_usr,43.89403445081621,-0.20341498
avg_cpu_usr,44.12682638316226,-0.20705688
avg_cpu_usr,44.35961831550832,-0.2105566
avg_cpu_usr,44.592410247854374,-0.21390706
avg_cpu_usr,44.82520218020043,-0.21710107
avg_cpu_usr,45.05799411254648,-0.22013146
avg_cpu_usr,45.290786044892535,-0.22299111
avg_cpu_usr,45.52357797723859,-0.22567275
avg_cpu_usr,45.75636990958464,-0.22816932
avg_cpu_usr,45.989161841930695,-0.23047364
avg_cpu_usr,46.22195377427675,-0.23257846
avg_cpu_usr,46.4547457066228,-0.23447675
avg_cpu_usr,46.68753763896886,-0.23616552
avg_cpu_usr,46.920329571314916,-0.23764804
avg_cpu_usr,47.15312150366097,-0.23892826
avg_cpu_usr,47.38591343600702,-0.24001011
avg_cpu_usr,47.618705368353076,-0.2408975
avg_cpu_usr,47.85149730069913,-0.24159431
avg_cpu_usr,48.08428923304518,-0.24210444
avg_cpu_usr,48.31708116539124,-0.24243179
avg_cpu_usr,48.54987309773729,-0.24258032
avg_cpu_usr,48.78266503008334,-0.24255395
avg_cpu_usr,49.015456962429404,-0.24235654
avg_cpu_usr,49.24824889477546,-0.24199197
avg_cpu_usr,49.48104082712151,-0.24146429
avg_cpu_usr,49.713832759467564,-0.24077722
avg_cpu_usr,49.94662469181362,-0.2399348
avg_cpu_usr,50.17941662415967,-0.2389409
avg_cpu_usr,50.412208556505725,-0.23779938
avg_cpu_usr,50.64500048885178,-0.2365143
avg_cpu_usr,50.87779242119783,-0.23508939
avg_cpu_usr,51.11058435354389,-0.23352864
avg_cpu_usr,51.343376285889946,-0.23183596
avg_cpu_usr,51.576168218236,-0.23001528
avg_cpu_usr,51.80896015058205,-0.22807044
avg_cpu_usr,52.041752082928106,-0.22600543
avg_cpu_usr,52.27454401527416,-0.22382411
avg_cpu_usr,52.50733594762021,-0.22153038
avg_cpu_usr,52.740127879966266,-0.21912819
avg_gpu_util,19.737061003482673,0.09027217
avg_gpu_util,21.150480844964882,0.086725496
avg_gpu_util,22.563900686447088,0.08324639
avg_gpu_util,23.977320527929297,0.0798369
avg_gpu_util,25.390740369411507,0.07649908
avg_gpu_util,26.804160210893713,0.07323496
avg_gpu_util,28.217580052375922,0.07004656
avg_gpu_util,29.63099989385813,0.06693594
avg_gpu_util,31.04441973534034,0.063905135
avg_gpu_util,32.45783957682255,0.060956165
avg_gpu_util,33.87125941830476,0.05809108
avg_gpu_util,35.28467925978696,0.055311896
avg_gpu_util,36.69809910126917,0.052620694
avg_gpu_util,38.11151894275138,0.050019473
avg_gpu_util,39.52493878423359,0.04751028
avg_gpu_util,40.93835862571579,0.04509516
avg_gpu_util,42.351778467198,0.042776152
avg_gpu_util,43.76519830868021,0.040555283
avg_gpu_util,45.17861815016242,0.03843458
avg_gpu_util,46.59203799164463,0.036416084
avg_gpu_util,48.00545783312684,0.034501866
avg_gpu_util,49.41887767460905,0.032693908
avg_gpu_util,50.83229751609126,0.030994311
avg_gpu_util,52.24571735757346,0.029405057
avg_gpu_util,53.65913719905567,0.02792786
avg_gpu_util,55.07255704053788,0.026560813
avg_gpu_util,56.48597688202009,0.025300026
avg_gpu_util,57.8993967235023,0.024141535
avg_gpu_util,59.31281656498451,0.023081377
avg_gpu_util,60.72623640646671,0.022115678
avg_gpu_util,62.13965624794892,0.021240398
avg_gpu_util,63.55307608943113,0.020451635
avg_gpu_util,64.96649593091334,0.019745454
avg_gpu_util,66.37991577239555,0.019117877
avg_gpu_util,67.79333561387776,0.018565014
avg_gpu_util,69.20675545535997,0.018082827
avg_gpu_util,70.62017529684218,0.017667487
avg_gpu_util,72.03359513832439,0.017314956
avg_gpu_util,73.4470149798066,0.017021343
avg_gpu_util,74.8604348212888,0.016782656
avg_gpu_util,76.27385466277102,0.016594961
avg_gpu_util,77.68727450425322,0.016454354
avg_gpu_util,79.10069434573542,0.016356826
avg_gpu_util,80.51411418721763,0.016298488
avg_gpu_util,81.92753402869984,0.016275361
avg_gpu_util,83.34095387018205,0.016283482
avg_gpu_util,84.75437371166424,0.016318977
avg_gpu_util,86.16779355314645,0.016377822
avg_gpu_util,87.58121339462866,0.016456097
avg_gpu_util,88.99463323611087,0.0165499
avg_gpu_util,90.40805307759308,0.016655222
avg_gpu_util,91.82147291907529,0.016768172
avg_gpu_util,93.2348927605575,0.01688473
avg_gpu_util,94.64831260203971,0.017001018
avg_gpu_util,96.06173244352192,0.017113075
avg_gpu_util,97.47515228500413,0.017216995
avg_gpu_util,98.88857212648634,0.017310917
avg_gpu_util,100.30199196796855,0.017395422
avg_gpu_util,101.71541180945076,0.01747118
avg_gpu_util,103.12883165093297,0.017538965
avg_gpu_util,104.54225149241518,0.017599478
avg_gpu_util,105.95567133389739,0.01765342
avg_gpu_util,107.3690911753796,0.017701536
avg_gpu_util,108.7825110168618,0.017744556
avg_gpu_util,110.19593085834401,0.01778321
avg_gpu_util,111.60935069982622,0.017818198
avg_gpu_util,113.02277054130843,0.017850235
avg_gpu_util,114.43619038279064,0.017880037
avg_gpu_util,115.84961022427285,0.017908365
avg_gpu_util,117.26303006575506,0.017935887
avg_gpu_util,118.67644990723727,0.017963395
avg_gpu_util,120.08986974871945,0.017991543
avg_gpu_util,121.50328959020166,0.018021092
avg_gpu_util,122.91670943168387,0.018052742
avg_gpu_util,124.33012927316608,0.018087223
avg_gpu_util,125.74354911464829,0.018125266
avg_gpu_util,127.1569689561305,0.01816757
avg_gpu_util,128.5703887976127,0.018214881
avg_gpu_util,129.98380863909492,0.018267915
avg_gpu_util,131.39722848057713,0.0183274
avg_gpu_util,132.81064832205934,0.018394023
avg_gpu_util,134.22406816354155,0.018468544
avg_gpu_util,135.63748800502376,0.018551677
avg_gpu_util,137.05090784650596,0.01864414
avg_gpu_util,138.46432768798817,0.01874663
avg_gpu_util,139.87774752947038,0.018859923
avg_gpu_util,141.2911673709526,0.01898469
avg_gpu_util,142.7045872124348,0.019121304
avg_gpu_util,144.118007053917,0.019269139
avg_gpu_util,145.53142689539922,0.019427419
avg_gpu_util,146.94484673688143,0.019595325
avg_gpu_util,148.3582665783636,0.019772068
avg_gpu_util,149.77168641984582,0.019956872
avg_gpu_util,151.18510626132803,0.020148933
avg_gpu_util,152.59852610281024,0.020347461
avg_gpu_util,154.01194594429245,0.020551667
avg_gpu_util,155.42536578577466,0.020760745
avg_gpu_util,156.83878562725687,0.020973936
avg_gpu_util,158.25220546873908,0.021190405
avg_gpu_util,159.6656253102213,0.021409407
avg_gpu_util,161.0790451517035,0.021630108
avg_gpu_util,162.4924649931857,0.021851733
avg_gpu_util,163.90588483466792,0.022073507
avg_gpu_util,165.31930467615013,0.02229461
avg_gpu_util,166.73272451763233,0.022514254
avg_gpu_util,168.14614435911454,0.022731677
avg_gpu_util,169.55956420059675,0.022946045
avg_gpu_util,170.97298404207896,0.023156598
avg_gpu_util,172.38640388356117,0.023362547
avg_gpu_util,173.79982372504338,0.023563057
avg_gpu_util,175.2132435665256,0.023757383
avg_gpu_util,176.6266634080078,0.02394472
avg_gpu_util,178.04008324949,0.024124265
avg_gpu_util,179.45350309097222,0.02429524
avg_gpu_util,180.86692293245443,0.024456859
avg_gpu_util,182.28034277393664,0.0246083
avg_gpu_util,183.69376261541882,0.024748802
avg_gpu_util,185.10718245690103,0.024877548
avg_gpu_util,186.52060229838324,0.024993509
avg_gpu_util,187.93402213986545,0.025093853
avg_gpu_util,189.34744198134766,0.02517514
avg_gpu_util,190.76086182282987,0.02523388
avg_gpu_util,192.17428166431208,0.025266618
avg_gpu_util,193.58770150579429,0.025269896
avg_gpu_util,195.0011213472765,0.025240228
avg_gpu_util,196.4145411887587,0.025174126
avg_gpu_util,197.8279610302409,0.025068164
avg_gpu_util,199.24138087172312,0.024918824
avg_gpu_util,200.65480071320533,0.02472268
avg_gpu_util,202.06822055468754,0.024476215
avg_gpu_util,203.48164039616975,0.024176016
avg_gpu_util,204.89506023765196,0.023818567
avg_gpu_util,206.30848007913417,0.023400426
avg_gpu_util,207.72189992061638,0.02291812
avg_gpu_util,209.1353197620986,0.022368163
avg_gpu_util,210.5487396035808,0.021747097
avg_gpu_util,211.962159445063,0.021051452
avg_gpu_util,213.37557928654522,0.020277753
avg_gpu_util,214.78899912802743,0.019422531
avg_gpu_util,216.20241896950964,0.018482327
avg_gpu_util,217.61583881099185,0.017453685
avg_gpu_util,219.02925865247403,0.016333088
avg_gpu_util,220.44267849395624,0.015117094
avg_gpu_util,221.85609833543845,0.01380223
avg_gpu_util,223.26951817692066,0.012385026
avg_gpu_util,224.68293801840287,0.010862038
avg_gpu_util,226.09635785988507,0.009229764
avg_gpu_util,227.50977770136728,0.007484749
avg_gpu_util,228.9231975428495,0.0056235343
avg_gpu_util,230.3366173843317,0.0036428422
avg_gpu_util,231.7500372258139,0.0015434772
avg_gpu_util,233.16345706729612,-0.00067038834
avg_gpu_util,234.57687690877833,-0.002994433
avg_gpu_util,235.99029675026054,-0.0054243207
avg_gpu_util,237.40371659174275,-0.00795579
avg_gpu_util,238.81713643322496,-0.0105844885
avg_gpu_util,240.23055627470717,-0.013306141
avg_gpu_util,241.64397611618938,-0.01611638
avg_gpu_util,243.0573959576716,-0.019010976
avg_gpu_util,244.4708157991538,-0.021985605
avg_gpu_util,245.884235640636,-0.025035903
avg_gpu_util,247.29765548211822,-0.028157607
avg_gpu_util,248.71107532360043,-0.031346396
avg_gpu_util,250.12449516508264,-0.034597963
avg_gpu_util,251.53791500656484,-0.037908003
avg_gpu_util,252.95133484804705,-0.041272134
avg_gpu_util,254.36475468952926,-0.044686183
avg_gpu_util,255.77817453101144,-0.048145786
avg_gpu_util,257.1915943724937,-0.051646575
avg_gpu_util,258.6050142139759,-0.05518432
avg_gpu_util,260.0184340554581,-0.058754668
avg_gpu_util,261.4318538969403,-0.062353328
avg_gpu_util,262.8452737384225,-0.065975964
avg_gpu_util,264.25869357990473,-0.069618285
avg_gpu_util,265.67211342138694,-0.07327594
avg_gpu_util,267.08553326286915,-0.076944694
avg_gpu_util,268.49895310435136,-0.080620214
avg_gpu_util,269.91237294583357,-0.08429821
avg_gpu_util,271.3257927873158,-0.087974325
avg_gpu_util,272.739212628798,-0.09164427
avg_gpu_util,274.1526324702802,-0.09530373
avg_gpu_util,275.5660523117624,-0.09894936
avg_gpu_util,276.97947215324456,-0.10257946
avg_gpu_util,278.39289199472677,-0.10619269
avg_gpu_util,279.806311836209,-0.10978754
avg_gpu_util,281.2197316776912,-0.113362506
avg_gpu_util,282.6331515191734,-0.116916135
avg_gpu_util,284.0465713606556,-0.120446995
avg_gpu_util,285.4599912021378,-0.123953566
avg_gpu_util,286.87341104362,-0.12743448
avg_gpu_util,288.28683088510223,-0.13088818
avg_gpu_util,289.70025072658444,-0.13431312
avg_gpu_util,291.11367056806665,-0.13770808
avg_gpu_util,292.52709040954886,-0.14107142
avg_gpu_util,293.94051025103107,-0.14440174
avg_gpu_util,295.3539300925133,-0.14769758
avg_gpu_util,296.7673499339955,-0.15095745
avg_gpu_util,298.1807697754777,-0.15417992
avg_gpu_util,299.5941896169599,-0.15736346
avg_gpu_util,301.0076094584421,-0.16050659
avg_cpu_kernel,1.693296343863156,-0.67117643
avg_cpu_kernel,1.8011669362148204,-0.6553069
avg_cpu_kernel,1.909037528566485,-0.6395713
avg_cpu_kernel,2.016908120918149,-0.6239687
avg_cpu_kernel,2.1247787132698135,-0.6084982
avg_cpu_kernel,2.232649305621478,-0.59315866
avg_cpu_kernel,2.3405198979731425,-0.5779491
avg_cpu_kernel,2.448390490324807,-0.56286854
avg_cpu_kernel,2.556261082676471,-0.5479161
avg_cpu_kernel,2.6641316750281354,-0.53309053
avg_cpu_kernel,2.7720022673797997,-0.51839113
avg_cpu_kernel,2.8798728597314645,-0.5038166
avg_cpu_kernel,2.9877434520831283,-0.4893661
avg_cpu_kernel,3.095614044434793,-0.4750386
avg_cpu_kernel,3.2034846367864573,-0.46083313
avg_cpu_kernel,3.3113552291381216,-0.4467486
avg_cpu_kernel,3.4192258214897864,-0.43278408
avg_cpu_kernel,3.5270964138414502,-0.41893858
avg_cpu_kernel,3.634967006193115,-0.4052111
avg_cpu_kernel,3.7428375985447797,-0.3916005
avg_cpu_kernel,3.8507081908964436,-0.378106
avg_cpu_kernel,3.9585787832481083,-0.36472642
avg_cpu_kernel,4.066449375599772,-0.35146084
avg_cpu_kernel,4.174319967951437,-0.33830822
avg_cpu_kernel,4.282190560303101,-0.32526764
avg_cpu_kernel,4.3900611526547655,-0.312338
avg_cpu_kernel,4.49793174500643,-0.29951835
avg_cpu_kernel,4.605802337358094,-0.28680766
avg_cpu_kernel,4.713672929709759,-0.27420494
avg_cpu_kernel,4.821543522061423,-0.2617092
avg_cpu_kernel,4.929414114413087,-0.24931943
avg_cpu_kernel,5.037284706764752,-0.23703465
avg_cpu_kernel,5.145155299116416,-0.22485381
avg_cpu_kernel,5.253025891468081,-0.21277624
avg_cpu_kernel,5.360896483819745,-0.20080556
avg_cpu_kernel,5.468767076171409,-0.18894824
avg_cpu_kernel,5.576637668523074,-0.17721093
avg_cpu_kernel,5.684508260874738,-0.16560021
avg_cpu_kernel,5.792378853226403,-0.15412265
avg_cpu_kernel,5.9002494455780665,-0.14278486
avg_cpu_kernel,6.008120037929731,-0.13159347
avg_cpu_kernel,6.115990630281395,-0.12055506
avg_cpu_kernel,6.22386122263306,-0.1096762
avg_cpu_kernel,6.331731814984725,-0.098963514
avg_cpu_kernel,6.4396024073363884,-0.08842358
avg_cpu_kernel,6.547472999688053,-0.078063026
avg_cpu_kernel,6.655343592039717,-0.067888424
avg_cpu_kernel,6.763214184391382,-0.05790638
avg_cpu_kernel,6.871084776743046,-0.048123494
avg_cpu_kernel,6.97895536909471,-0.03854637
avg_cpu_kernel,7.086825961446375,-0.029181585
avg_cpu_kernel,7.194696553798039,-0.020035744
avg_cpu_kernel,7.302567146149704,-0.011115447
avg_cpu_kernel,7.4104377385013676,-0.0024273098
avg_cpu_kernel,7.518308330853032,0.0060220957
avg_cpu_kernel,7.626178923204697,0.0142261535
avg_cpu_kernel,7.734049515556361,0.022178322
avg_cpu_kernel,7.841920107908026,0.029871881
avg_cpu_kernel,7.9497907002596895,0.037300378
avg_cpu_kernel,8.057661292611355,0.044457123
avg_cpu_kernel,8.16553188496302,0.05133553
avg_cpu_kernel,8.273402477314683,0.05792904
avg_cpu_kernel,8.381273069666348,0.06423102
avg_cpu_kernel,8.489143662018012,0.07023485
avg_cpu_kernel,8.597014254369677,0.07593398
avg_cpu_kernel,8.704884846721342,0.08132182
avg_cpu_kernel,8.812755439073005,0.08639173
avg_cpu_kernel,8.92062603142467,0.091137156
avg_cpu_kernel,9.028496623776334,0.095551446
avg_cpu_kernel,9.136367216127999,0.099628076
avg_cpu_kernel,9.244237808479664,0.10336654
avg_cpu_kernel,9.352108400831327,0.10677631
avg_cpu_kernel,9.459978993182991,0.109867975
avg_cpu_kernel,9.567849585534656,0.11265205
avg_cpu_kernel,9.67572017788632,0.11513902
avg_cpu_kernel,9.783590770237986,0.11733945
avg_cpu_kernel,9.89146136258965,0.11926387
avg_cpu_kernel,9.999331954941313,0.12092285
avg_cpu_kernel,10.107202547292978,0.122326836
avg_cpu_kernel,10.215073139644643,0.123486504
avg_cpu_kernel,10.322943731996308,0.12441225
avg_cpu_kernel,10.430814324347972,0.12511466
avg_cpu_kernel,10.538684916699635,0.12560426
avg_cpu_kernel,10.6465555090513,0.12589158
avg_cpu_kernel,10.754426101402965,0.12598716
avg_cpu_kernel,10.86229669375463,0.1259015
avg_cpu_kernel,10.970167286106294,0.12564524
avg_cpu_kernel,11.078037878457957,0.12522884
avg_cpu_kernel,11.185908470809622,0.12466277
avg_cpu_kernel,11.293779063161287,0.12395765
avg_cpu_kernel,11.401649655512951,0.12312405
avg_cpu_kernel,11.509520247864616,0.12217237
avg_cpu_kernel,11.617390840216279,0.121113256
avg_cpu_kernel,11.725261432567944,0.119957164
avg_cpu_kernel,11.833132024919609,0.118714675
avg_cpu_kernel,11.941002617271273,0.11739631
avg_cpu_kernel,12.048873209622936,0.11601265
avg_cpu_kernel,12.156743801974601,0.11457415
avg_cpu_kernel,12.264614394326266,0.113091335
avg_cpu_kernel,12.37248498667793,0.11157481
avg_cpu_kernel,12.480355579029595,0.11003511
avg_cpu_kernel,12.588226171381258,0.1084827
avg_cpu_kernel,12.696096763732923,0.106928095
avg_cpu_kernel,12.803967356084588,0.10538198
avg_cpu_kernel,12.911837948436252,0.1038547
avg_cpu_kernel,13.019708540787917,0.102356926
avg_cpu_kernel,13.12757913313958,0.10089783
avg_cpu_kernel,13.235449725491245,0.099480584
avg_cpu_kernel,13.34332031784291,0.09810682
avg_cpu_kernel,13.451190910194574,0.09677799
avg_cpu_kernel,13.559061502546239,0.095495716
avg_cpu_kernel,13.666932094897902,0.09426151
avg_cpu_kernel,13.774802687249567,0.09307696
avg_cpu_kernel,13.882673279601232,0.09194358
avg_cpu_kernel,13.990543871952896,0.090862885
avg_cpu_kernel,14.098414464304561,0.08983652
avg_cpu_kernel,14.206285056656224,0.08886589
avg_cpu_kernel,14.314155649007889,0.08795269
avg_cpu_kernel,14.422026241359553,0.087098375
avg_cpu_kernel,14.529896833711218,0.08630453
avg_cpu_kernel,14.637767426062883,0.085572645
avg_cpu_kernel,14.745638018414546,0.08490433
avg_cpu_kernel,14.85350861076621,0.0843011
avg_cpu_kernel,14.961379203117875,0.08376457
avg_cpu_kernel,15.06924979546954,0.083296165
avg_cpu_kernel,15.177120387821205,0.08289747
avg_cpu_kernel,15.284990980172868,0.08257009
avg_cpu_kernel,15.392861572524533,0.08231555
avg_cpu_kernel,15.500732164876197,0.082135394
avg_cpu_kernel,15.608602757227862,0.082031116
avg_cpu_kernel,15.716473349579527,0.08200432
avg_cpu_kernel,15.82434394193119,0.08205654
avg_cpu_kernel,15.932214534282855,0.08218934
avg_cpu_kernel,16.04008512663452,0.08240421
avg_cpu_kernel,16.147955718986182,0.08270277
avg_cpu_kernel,16.25582631133785,0.083086506
avg_cpu_kernel,16.36369690368951,0.083556965
avg_cpu_kernel,16.471567496041175,0.08411573
avg_cpu_kernel,16.57943808839284,0.08476438
avg_cpu_kernel,16.687308680744504,0.08550437
avg_cpu_kernel,16.79517927309617,0.08633728
avg_cpu_kernel,16.903049865447834,0.0872647
avg_cpu_kernel,17.010920457799497,0.088287964
avg_cpu_kernel,17.118791050151163,0.08940555
avg_cpu_kernel,17.226661642502826,0.090614066
avg_cpu_kernel,17.334532234854493,0.09190996
avg_cpu_kernel,17.442402827206156,0.09328969
avg_cpu_kernel,17.55027341955782,0.09474976
avg_cpu_kernel,17.658144011909485,0.09628661
avg_cpu_kernel,17.766014604261148,0.0978968
avg_cpu_kernel,17.873885196612814,0.09957676
avg_cpu_kernel,17.981755788964477,0.101322934
avg_cpu_kernel,18.089626381316144,0.103131875
avg_cpu_kernel,18.197496973667807,0.105000034
avg_cpu_kernel,18.30536756601947,0.10692386
avg_cpu_kernel,18.413238158371136,0.10889982
avg_cpu_kernel,18.5211087507228,0.11092447
avg_cpu_kernel,18.628979343074466,0.11299424
avg_cpu_kernel,18.73684993542613,0.115105644
avg_cpu_kernel,18.844720527777792,0.11725508
avg_cpu_kernel,18.95259112012946,0.11943905
avg_cpu_kernel,19.06046171248112,0.12165414
avg_cpu_kernel,19.168332304832788,0.12389673
avg_cpu_kernel,19.27620289718445,0.12616332
avg_cpu_kernel,19.384073489536114,0.12845035
avg_cpu_kernel,19.49194408188778,0.1307544
avg_cpu_kernel,19.599814674239443,0.13307185
avg_cpu_kernel,19.70768526659111,0.13539924
avg_cpu_kernel,19.815555858942773,0.13773297
avg_cpu_kernel,19.923426451294436,0.14006965
avg_cpu_kernel,20.031297043646102,0.14240564
avg_cpu_kernel,20.139167635997765,0.14473747
avg_cpu_kernel,20.24703822834943,0.14706166
avg_cpu_kernel,20.354908820701095,0.14937456
avg_cpu_kernel,20.462779413052758,0.1516728
avg_cpu_kernel,20.570650005404424,0.15395276
avg_cpu_kernel,20.678520597756087,0.15621094
avg_cpu_kernel,20.786391190107754,0.15844382
avg_cpu_kernel,20.894261782459417,0.16064794
avg_cpu_kernel,21.00213237481108,0.16282116
avg_cpu_kernel,21.110002967162746,0.16496377
avg_cpu_kernel,21.21787355951441,0.16707654
avg_cpu_kernel,21.325744151866076,0.16916
avg_cpu_kernel,21.43361474421774,0.17121477
avg_cpu_kernel,21.5414853365694,0.17324148
avg_cpu_kernel,21.649355928921068,0.17524071
avg_cpu_kernel,21.75722652127273,0.1772132
avg_cpu_kernel,21.865097113624397,0.17915942
avg_cpu_kernel,21.97296770597606,0.18108006
avg_cpu_kernel,22.080838298327723,0.18297575
avg_cpu_kernel,22.18870889067939,0.18484713
avg_cpu_kernel,22.296579483031053,0.18669476
avg_cpu_kernel,22.404450075382716,0.18851922
avg_cpu_kernel,22.512320667734382,0.19032125
avg_cpu_kernel,22.620191260086045,0.1921014
avg_cpu_kernel,22.728061852437712,0.19386034
avg_cpu_kernel,22.835932444789375,0.19559853
avg_cpu_kernel,22.943803037141038,0.19731681
avg_cpu_kernel,23.051673629492704,0.19901563
avg_cpu_kernel,23.159544221844367,0.20069574
avg_load_1,8.125767293439598,0.3601131
avg_load_1,9.541230484467441,0.35434708
avg_load_1,10.956693675495282,0.34858906
avg_load_1,12.372156866523124,0.34283918
avg_load_1,13.787620057550967,0.3370977
avg_load_1,15.20308324857881,0.33136475
avg_load_1,16.618546439606654,0.3256406
avg_load_1,18.034009630634493,0.31992537
avg_load_1,19.449472821662336,0.3142193
avg_load_1,20.86493601269018,0.30852258
avg_load_1,22.28039920371802,0.3028354
avg_load_1,23.695862394745863,0.29715794
avg_load_1,25.111325585773706,0.29149044
avg_load_1,26.52678877680155,0.28583306
avg_load_1,27.94225196782939,0.28018597
avg_load_1,29.357715158857232,0.2745494
avg_load_1,30.773178349885075,0.26892355
avg_load_1,32.18864154091292,0.26330858
avg_load_1,33.604104731940765,0.25770476
avg_load_1,35.019567922968605,0.2521122
avg_load_1,36.435031113996445,0.24653111
avg_load_1,37.850494305024284,0.24096173
avg_load_1,39.265957496052124,0.2354042
avg_load_1,40.68142068707998,0.22985876
avg_load_1,42.09688387810782,0.2243256
avg_load_1,43.51234706913566,0.21880488
avg_load_1,44.9278102601635,0.21329685
avg_load_1,46.34327345119134,0.20780167
avg_load_1,47.758736642219176,0.2023195
avg_load_1,49.17419983324703,0.1968506
avg_load_1,50.58966302427487,0.19139512
avg_load_1,52.00512621530271,0.18595326
avg_load_1,53.42058940633055,0.18052529
avg_load_1,54.83605259735839,0.17511131
avg_load_1,56.25151578838624,0.16971152
avg_load_1,57.66697897941408,0.1643262
avg_load_1,59.08244217044192,0.15895545
avg_load_1,60.49790536146976,0.15359947
avg_load_1,61.9133685524976,0.14825857
avg_load_1,63.328831743525456,0.1429328
avg_load_1,64.7442949345533,0.13762245
avg_load_1,66.15975812558113,0.13232768
avg_load_1,67.57522131660897,0.12704867
avg_load_1,68.99068450763681,0.12178564
avg_load_1,70.40614769866465,0.11653942
avg_load_1,71.82161088969251,0.11131173
avg_load_1,73.23707408072035,0.10610452
avg_load_1,74.65253727174819,0.100919664
avg_load_1,76.06800046277603,0.09575915
avg_load_1,77.48346365380387,0.09062478
avg_load_1,78.8989268448317,0.08551854
avg_load_1,80.31439003585956,0.08044228
avg_load_1,81.7298532268874,0.07539797
avg_load_1,83.14531641791524,0.07038742
avg_load_1,84.56077960894308,0.06541264
avg_load_1,85.97624279997092,0.06047547
avg_load_1,87.39170599099876,0.055577874
avg_load_1,88.80716918202661,0.050721645
avg_load_1,90.22263237305445,0.04590887
avg_load_1,91.63809556408229,0.04114124
avg_load_1,93.05355875511013,0.036420792
avg_load_1,94.46902194613797,0.031749398
avg_load_1,95.88448513716583,0.027129084
avg_load_1,97.29994832819366,0.02256161
avg_load_1,98.7154115192215,0.018048823
avg_load_1,100.13087471024934,0.01359278
avg_load_1,101.54633790127718,0.009195358
avg_load_1,102.96180109230504,0.0048584044
avg_load_1,104.37726428333288,0.0005839169
avg_load_1,105.79272747436072,-0.003626287
avg_load_1,107.20819066538856,-0.00777027
avg_load_1,108.6236538564164,-0.011846185
avg_load_1,110.03911704744425,-0.015851974
avg_load_1,111.45458023847209,-0.019785821
avg_load_1,112.87004342949993,-0.023645878
avg_load_1,114.28550662052777,-0.027430117
avg_load_1,115.70096981155561,-0.031136751
avg_load_1,117.11643300258345,-0.034763783
avg_load_1,118.5318961936113,-0.038309336
avg_load_1,119.94735938463914,-0.04177159
avg_load_1,121.36282257566698,-0.045148432
avg_load_1,122.77828576669482,-0.04843822
avg_load_1,124.19374895772266,-0.05163884
avg_load_1,125.60921214875052,-0.054748446
avg_load_1,127.02467533977836,-0.057765067
avg_load_1,128.4401385308062,-0.060687006
avg_load_1,129.85560172183403,-0.06351212
avg_load_1,131.27106491286187,-0.06623906
avg_load_1,132.6865281038897,-0.06886867
avg_load_1,134.10199129491758,-0.07140234
avg_load_1,135.51745448594542,-0.07384166
avg_load_1,136.93291767697326,-0.07618827
avg_load_1,138.3483808680011,-0.07844353
avg_load_1,139.76384405902894,-0.080608964
avg_load_1,141.17930725005678,-0.082686275
avg_load_1,142.59477044108462,-0.08467686
avg_load_1,144.01023363211246,-0.0865823
avg_load_1,145.4256968231403,-0.08840403
avg_load_1,146.84116001416814,-0.09014368
avg_load_1,148.25662320519598,-0.091802746
avg_load_1,149.67208639622382,-0.093382776
avg_load_1,151.08754958725166,-0.09488523
avg_load_1,152.50301277827953,-0.09631178
avg_load_1,153.91847596930737,-0.09766376
avg_load_1,155.3339391603352,-0.09894279
avg_load_1,156.74940235136305,-0.100150526
avg_load_1,158.16486554239088,-0.1012882
avg_load_1,159.58032873341872,-0.102357686
avg_load_1,160.99579192444656,-0.103360236
avg_load_1,162.4112551154744,-0.10429752
avg_load_1,163.82671830650224,-0.105171025
avg_load_1,165.24218149753008,-0.1059823
avg_load_1,166.65764468855792,-0.106732786
avg_load_1,168.0731078795858,-0.10742414
avg_load_1,169.48857107061363,-0.10805786
avg_load_1,170.90403426164147,-0.108635426
avg_load_1,172.3194974526693,-0.1091584
avg_load_1,173.73496064369715,-0.10962826
avg_load_1,175.150423834725,-0.110046566
avg_load_1,176.56588702575283,-0.11041486
avg_load_1,177.98135021678067,-0.1107347
avg_load_1,179.3968134078085,-0.11100769
avg_load_1,180.81227659883635,-0.11123502
avg_load_1,182.22773978986422,-0.111418486
avg_load_1,183.64320298089206,-0.11155963
avg_load_1,185.0586661719199,-0.111659944
avg_load_1,186.47412936294774,-0.11172092
avg_load_1,187.88959255397558,-0.111744106
avg_load_1,189.30505574500341,-0.11173099
avg_load_1,190.72051893603125,-0.11168319
avg_load_1,192.1359821270591,-0.11160213
avg_load_1,193.55144531808693,-0.111489296
avg_load_1,194.96690850911477,-0.111346066
avg_load_1,196.3823717001426,-0.11117369
avg_load_1,197.79783489117048,-0.1109736
avg_load_1,199.21329808219832,-0.1107471
avg_load_1,200.62876127322616,-0.11049545
avg_load_1,202.044224464254,-0.110220194
avg_load_1,203.45968765528184,-0.10992259
avg_load_1,204.87515084630968,-0.10960388
avg_load_1,206.29061403733752,-0.109265566
avg_load_1,207.70607722836536,-0.10890889
avg_load_1,209.1215404193932,-0.10853529
avg_load_1,210.53700361042104,-0.10814595
avg_load_1,211.9524668014489,-0.10774237
avg_load_1,213.36792999247675,-0.10732573
avg_load_1,214.7833931835046,-0.10689765
avg_load_1,216.19885637453243,-0.10645914
avg_load_1,217.61431956556027,-0.10601181
avg_load_1,219.0297827565881,-0.105556905
avg_load_1,220.44524594761594,-0.105095744
avg_load_1,221.86070913864378,-0.104629695
avg_load_1,223.27617232967162,-0.10416007
avg_load_1,224.69163552069946,-0.1036883
avg_load_1,226.1070987117273,-0.103215694
avg_load_1,227.52256190275517,-0.10274351
avg_load_1,228.938025093783,-0.102273226
avg_load_1,230.35348828481085,-0.101806045
avg_load_1,231.7689514758387,-0.10134345
avg_load_1,233.18441466686653,-0.1008867
avg_load_1,234.59987785789437,-0.100437164
avg_load_1,236.0153410489222,-0.09999621
avg_load_1,237.43080423995005,-0.09956515
avg_load_1,238.8462674309779,-0.09914535
avg_load_1,240.26173062200573,-0.09873819
avg_load_1,241.67719381303357,-0.09834486
avg_load_1,243.09265700406144,-0.09796688
avg_load_1,244.50812019508928,-0.0976055
avg_load_1,245.92358338611712,-0.097262084
avg_load_1,247.33904657714496,-0.096938014
avg_load_1,248.7545097681728,-0.0966346
avg_load_1,250.16997295920063,-0.09635317
avg_load_1,251.58543615022847,-0.096095055
avg_load_1,253.00089934125631,-0.0958617
avg_load_1,254.41636253228415,-0.09565392
avg_load_1,255.831825723312,-0.09547168
avg_load_1,257.24728891433983,-0.09531468
avg_load_1,258.6627521053677,-0.09518266
avg_load_1,260.07821529639557,-0.09507537
avg_load_1,261.4936784874234,-0.09499249
avg_load_1,262.90914167845125,-0.09493384
avg_load_1,264.32460486947906,-0.09489912
avg_load_1,265.7400680605069,-0.09488806
avg_load_1,267.15553125153474,-0.09490049
avg_load_1,268.5709944425626,-0.09493601
avg_load_1,269.9864576335904,-0.094994396
avg_load_1,271.4019208246183,-0.09507546
avg_load_1,272.8173840156461,-0.09517881
avg_load_1,274.23284720667397,-0.09530437
avg_load_1,275.6483103977018,-0.09545171
avg_load_1,277.06377358872965,-0.09562063
avg_load_1,278.47923677975746,-0.09581089
avg_load_1,279.8946999707853,-0.09602216
avg_load_1,281.3101631618132,-0.09625423
avg_load_1,282.725626352841,-0.096506834
avg_load_1,284.1410895438689,-0.09677976
avg_load_1,285.5565527348967,-0.09707257
avg_load_1,286.97201592592455,-0.09738523
avg_load_1,288.38747911695236,-0.097717345
avg_load_1,289.80294230798023,-0.098068714
cap_gpu,2.0,-0.47605962
cap_gpu,2.030150753768844,-0.4722291
cap_gpu,2.0603015075376883,-0.46841016
cap_gpu,2.090452261306533,-0.46459368
cap_gpu,2.120603015075377,-0.46077657
cap_gpu,2.150753768844221,-0.45695668
cap_gpu,2.180904522613065,-0.4531318
cap_gpu,2.2110552763819094,-0.44929975
cap_gpu,2.241206030150754,-0.44545832
cap_gpu,2.271356783919598,-0.44160527
cap_gpu,2.301507537688442,-0.43773845
cap_gpu,2.3316582914572863,-0.4338556
cap_gpu,2.3618090452261304,-0.42995462
cap_gpu,2.391959798994975,-0.4260332
cap_gpu,2.422110552763819,-0.42208916
cap_gpu,2.4522613065326633,-0.41812038
cap_gpu,2.4824120603015074,-0.41412464
cap_gpu,2.5125628140703515,-0.4100997
cap_gpu,2.542713567839196,-0.40604335
cap_gpu,2.5728643216080402,-0.4019534
cap_gpu,2.6030150753768844,-0.39782768
cap_gpu,2.6331658291457285,-0.39366394
cap_gpu,2.6633165829145726,-0.38946012
cap_gpu,2.693467336683417,-0.38521385
cap_gpu,2.7236180904522613,-0.38092306
cap_gpu,2.7537688442211055,-0.37658697
cap_gpu,2.7839195979899496,-0.37220627
cap_gpu,2.8140703517587937,-0.36778158
cap_gpu,2.8442211055276383,-0.36331367
cap_gpu,2.8743718592964824,-0.35880327
cap_gpu,2.9045226130653266,-0.3542511
cap_gpu,2.9346733668341707,-0.34965783
cap_gpu,2.964824120603015,-0.34502426
cap_gpu,2.9949748743718594,-0.34035105
cap_gpu,3.0251256281407035,-0.3356389
cap_gpu,3.0552763819095476,-0.33088857
cap_gpu,3.085427135678392,-0.32610077
cap_gpu,3.115577889447236,-0.32127622
cap_gpu,3.1457286432160805,-0.3164156
cap_gpu,3.1758793969849246,-0.31151968
cap_gpu,3.2060301507537687,-0.30658913
cap_gpu,3.2361809045226133,-0.30162475
cap_gpu,3.266331658291457,-0.29662716
cap_gpu,3.2964824120603016,-0.29159713
cap_gpu,3.3266331658291457,-0.28653538
cap_gpu,3.35678391959799,-0.28144264
cap_gpu,3.3869346733668344,-0.27631962
cap_gpu,3.417085427135678,-0.27116713
cap_gpu,3.4472361809045227,-0.26598585
cap_gpu,3.477386934673367,-0.2607767
cap_gpu,3.507537688442211,-0.2555404
cap_gpu,3.5376884422110555,-0.2502778
cap_gpu,3.567839195979899,-0.24498965
cap_gpu,3.5979899497487438,-0.23967673
cap_gpu,3.628140703517588,-0.2343399
cap_gpu,3.658291457286432,-0.22897992
cap_gpu,3.6884422110552766,-0.22359759
cap_gpu,3.7185929648241203,-0.21819371
cap_gpu,3.748743718592965,-0.21276903
cap_gpu,3.778894472361809,-0.20732442
cap_gpu,3.809045226130653,-0.20186062
cap_gpu,3.8391959798994977,-0.19637845
cap_gpu,3.8693467336683414,-0.19087869
cap_gpu,3.899497487437186,-0.18536216
cap_gpu,3.92964824120603,-0.17982966
cap_gpu,3.959798994974874,-0.17428197
cap_gpu,3.9899497487437188,-0.16871984
cap_gpu,4.0201005025125625,-0.16314416
cap_gpu,4.050251256281407,-0.15755567
cap_gpu,4.080402010050252,-0.15195519
cap_gpu,4.110552763819095,-0.14634347
cap_gpu,4.140703517587939,-0.14072138
cap_gpu,4.170854271356784,-0.1350897
cap_gpu,4.201005025125628,-0.12944919
cap_gpu,4.231155778894472,-0.123800695
cap_gpu,4.261306532663316,-0.11814495
cap_gpu,4.291457286432161,-0.112482846
cap_gpu,4.321608040201005,-0.10681512
cap_gpu,4.351758793969849,-0.10114261
cap_gpu,4.381909547738694,-0.09546605
cap_gpu,4.4120603015075375,-0.089786306
cap_gpu,4.442211055276381,-0.08410416
cap_gpu,4.472361809045227,-0.0784204
cap_gpu,4.50251256281407,-0.07273581
cap_gpu,4.532663316582914,-0.06705125
cap_gpu,4.562814070351759,-0.061367482
cap_gpu,4.592964824120603,-0.055685297
cap_gpu,4.623115577889447,-0.050005496
cap_gpu,4.653266331658291,-0.0443289
cap_gpu,4.683417085427136,-0.038656324
cap_gpu,4.71356783919598,-0.03298852
cap_gpu,4.743718592964823,-0.027326286
cap_gpu,4.773869346733669,-0.021670371
cap_gpu,4.8040201005025125,-0.01602161
cap_gpu,4.834170854271356,-0.01038076
cap_gpu,4.864321608040201,-0.0047485977
cap_gpu,4.894472361809045,0.0008741617
cap_gpu,4.924623115577889,0.0064866245
cap_gpu,4.954773869346734,0.012088075
cap_gpu,4.984924623115578,0.017677724
cap_gpu,5.015075376884422,0.023254812
cap_gpu,5.045226130653266,0.028818518
cap_gpu,5.075376884422111,0.034368113
cap_gpu,5.105527638190955,0.039902806
cap_gpu,5.135678391959798,0.04542172
cap_gpu,5.165829145728643,0.050924256
cap_gpu,5.1959798994974875,0.056409508
cap_gpu,5.226130653266331,0.061876684
cap_gpu,5.256281407035176,0.067325115
cap_gpu,5.28643216080402,0.07275385
cap_gpu,5.316582914572864,0.07816228
cap_gpu,5.346733668341709,0.08354962
cap_gpu,5.376884422110553,0.08891493
cap_gpu,5.407035175879397,0.09425771
cap_gpu,5.4371859296482405,0.09957713
cap_gpu,5.467336683417085,0.104872644
cap_gpu,5.49748743718593,0.11014336
cap_gpu,5.527638190954773,0.11538854
cap_gpu,5.557788944723618,0.120607674
cap_gpu,5.5879396984924625,0.12579995
cap_gpu,5.618090452261306,0.13096452
cap_gpu,5.648241206030151,0.13610092
cap_gpu,5.678391959798995,0.14120823
cap_gpu,5.708542713567839,0.14628589
cap_gpu,5.738693467336683,0.15133315
cap_gpu,5.768844221105527,0.15634921
cap_gpu,5.798994974874372,0.16133344
cap_gpu,5.829145728643216,0.1662851
cap_gpu,5.85929648241206,0.1712035
cap_gpu,5.889447236180905,0.17608798
cap_gpu,5.919597989949748,0.18093765
cap_gpu,5.949748743718593,0.18575197
cap_gpu,5.9798994974874375,0.19053012
cap_gpu,6.010050251256281,0.19527149
cap_gpu,6.040201005025126,0.19997543
cap_gpu,6.0703517587939695,0.20464116
cap_gpu,6.100502512562814,0.2092681
cap_gpu,6.130653266331658,0.21385568
cap_gpu,6.160804020100502,0.2184031
cap_gpu,6.190954773869347,0.22290987
cap_gpu,6.221105527638191,0.22737527
cap_gpu,6.251256281407035,0.23179859
cap_gpu,6.281407035175879,0.23617929
cap_gpu,6.311557788944723,0.2405166
cap_gpu,6.341708542713568,0.24481001
cap_gpu,6.371859296482412,0.24905878
cap_gpu,6.402010050251256,0.25326228
cap_gpu,6.4321608040201,0.2574199
cap_gpu,6.4623115577889445,0.26153094
cap_gpu,6.492462311557789,0.26559478
cap_gpu,6.522613065326633,0.26961076
cap_gpu,6.552763819095477,0.2735782
cap_gpu,6.582914572864321,0.27749658
cap_gpu,6.613065326633166,0.28136504
cap_gpu,6.64321608040201,0.28518307
cap_gpu,6.673366834170854,0.2889501
cap_gpu,6.703517587939698,0.29266524
cap_gpu,6.733668341708542,0.2963281
cap_gpu,6.763819095477387,0.29993787
cap_gpu,6.793969849246231,0.30349404
cap_gpu,6.824120603015075,0.3069959
cap_gpu,6.8542713567839195,0.3104428
cap_gpu,6.884422110552763,0.31383413
cap_gpu,6.914572864321608,0.3171693
cap_gpu,6.944723618090452,0.3204475
cap_gpu,6.974874371859296,0.32366824
cap_gpu,7.005025125628141,0.32683086
cap_gpu,7.035175879396984,0.3299346
cap_gpu,7.065326633165829,0.33297902
cap_gpu,7.0954773869346734,0.33596337
cap_gpu,7.125628140703517,0.33888704
cap_gpu,7.155778894472362,0.34174925
cap_gpu,7.185929648241205,0.34454954
cap_gpu,7.21608040201005,0.3472873
cap_gpu,7.2462311557788945,0.34996164
cap_gpu,7.276381909547738,0.35257214
cap_gpu,7.306532663316583,0.35511816
cap_gpu,7.3366834170854265,0.3575989
cap_gpu,7.366834170854271,0.36001372
cap_gpu,7.396984924623116,0.3623621
cap_gpu,7.427135678391959,0.3646431
cap_gpu,7.457286432160804,0.36685622
cap_gpu,7.487437185929648,0.36900067
cap_gpu,7.517587939698492,0.37107587
cap_gpu,7.547738693467337,0.3730811
cap_gpu,7.57788944723618,0.37501562
cap_gpu,7.608040201005025,0.3768788
cap_gpu,7.638190954773869,0.37866998
cap_gpu,7.668341708542713,0.38038844
cap_gpu,7.698492462311558,0.38203347
cap_gpu,7.7286432160804015,0.38360453
cap_gpu,7.758793969849246,0.38510084
cap_gpu,7.788944723618091,0.38652158
cap_gpu,7.819095477386934,0.38786638
cap_gpu,7.849246231155779,0.3891343
cap_gpu,7.879396984924623,0.3903247
cap_gpu,7.909547738693467,0.39143693
cap_gpu,7.939698492462312,0.39247036
cap_gpu,7.969849246231155,0.39342397
cap_gpu,8.0,0.39429373
avg_net_receive,36672532.469710335,0.07935665
avg_net_receive,41167311.454065725,0.079808034
avg_net_receive,45662090.438421115,0.08022954
avg_net_receive,50156869.422776505,0.08061698
avg_net_receive,54651648.407131895,0.08096607
avg_net_receive,59146427.391487285,0.081272595
avg_net_receive,63641206.37584268,0.08153232
avg_net_receive,68135985.36019808,0.08174101
avg_net_receive,72630764.34455347,0.08189443
avg_net_receive,77125543.32890886,0.081988335
avg_net_receive,81620322.31326425,0.0820185
avg_net_receive,86115101.29761964,0.08198069
avg_net_receive,90609880.28197503,0.08187067
avg_net_receive,95104659.26633042,0.08168418
avg_net_receive,99599438.25068581,0.08141702
avg_net_receive,104094217.2350412,0.081064925
avg_net_receive,108588996.21939659,0.080623694
avg_net_receive,113083775.20375198,0.08008906
avg_net_receive,117578554.18810737,0.079456806
avg_net_receive,122073333.17246276,0.07872268
avg_net_receive,126568112.15681815,0.077882476
avg_net_receive,131062891.14117354,0.076931916
avg_net_receive,135557670.12552893,0.07586681
avg_net_receive,140052449.10988432,0.074682906
avg_net_receive,144547228.0942397,0.07337595
avg_net_receive,149042007.0785951,0.07194172
avg_net_receive,153536786.0629505,0.07037599
avg_net_receive,158031565.04730588,0.0686754
avg_net_receive,162526344.03166127,0.06684367
avg_net_receive,167021123.01601666,0.06488804
avg_net_receive,171515902.00037205,0.062815644
avg_net_receive,176010680.98472744,0.06063371
avg_net_receive,180505459.96908283,0.058349423
avg_net_receive,185000238.95343822,0.055970006
avg_net_receive,189495017.9377936,0.053502634
avg_net_receive,193989796.922149,0.05095452
avg_net_receive,198484575.9065044,0.04833284
avg_net_receive,202979354.89085978,0.045644827
avg_net_receive,207474133.87521517,0.042897657
avg_net_receive,211968912.85957056,0.040098526
avg_net_receive,216463691.84392595,0.03725464
avg_net_receive,220958470.82828134,0.03437321
avg_net_receive,225453249.81263673,0.031461403
avg_net_receive,229948028.79699212,0.028526455
avg_net_receive,234442807.7813475,0.025575519
avg_net_receive,238937586.7657029,0.022615835
avg_net_receive,243432365.7500583,0.019654602
avg_net_receive,247927144.73441368,0.016698971
avg_net_receive,252421923.71876913,0.013756216
avg_net_receive,256916702.70312452,0.010833472
avg_net_receive,261411481.6874799,0.007937953
avg_net_receive,265906260.6718353,0.0050768703
avg_net_receive,270401039.6561907,0.0022574067
avg_net_receive,274895818.6405461,-0.000513196
avg_net_receive,279390597.6249015,-0.0032278001
avg_net_receive,283885376.60925686,-0.0058791637
avg_net_receive,288380155.59361225,-0.008460104
avg_net_receive,292874934.57796764,-0.01096344
avg_net_receive,297369713.56232303,-0.01338385
avg_net_receive,301864492.5466784,-0.015719116
avg_net_receive,306359271.5310338,-0.017967239
avg_net_receive,310854050.5153892,-0.020126268
avg_net_receive,315348829.4997446,-0.02219434
avg_net_receive,319843608.4841,-0.024169415
avg_net_receive,324338387.4684554,-0.026049599
avg_net_receive,328833166.45281076,-0.027832925
avg_net_receive,333327945.43716615,-0.029517472
avg_net_receive,337822724.42152154,-0.031101272
avg_net_receive,342317503.40587693,-0.032582372
avg_net_receive,346812282.3902323,-0.033958822
avg_net_receive,351307061.3745877,-0.035228714
avg_net_receive,355801840.3589431,-0.036390066
avg_net_receive,360296619.3432985,-0.037440956
avg_net_receive,364791398.3276539,-0.03837943
avg_net_receive,369286177.3120093,-0.03920351
avg_net_receive,373780956.29636467,-0.0399113
avg_net_receive,378275735.28072006,-0.040500835
avg_net_receive,382770514.26507545,-0.04097013
avg_net_receive,387265293.24943084,-0.0413173
avg_net_receive,391760072.2337862,-0.041540354
avg_net_receive,396254851.2181416,-0.041637376
avg_net_receive,400749630.202497,-0.041606426
avg_net_receive,405244409.1868524,-0.041445494
avg_net_receive,409739188.1712078,-0.041152686
avg_net_receive,414233967.1555632,-0.040726066
avg_net_receive,418728746.13991857,-0.040163666
avg_net_receive,423223525.12427396,-0.039463505
avg_net_receive,427718304.10862935,-0.038623706
avg_net_receive,432213083.09298474,-0.03764333
avg_net_receive,436707862.0773401,-0.03652829
avg_net_receive,441202641.0616955,-0.035287336
avg_net_receive,445697420.0460509,-0.033929214
avg_net_receive,450192199.0304063,-0.032462656
avg_net_receive,454686978.0147617,-0.030896425
avg_net_receive,459181756.9991171,-0.029239178
avg_net_receive,463676535.98347247,-0.02749972
avg_net_receive,468171314.9678279,-0.025686756
avg_net_receive,472666093.9521833,-0.023809046
avg_net_receive,477160872.9365387,-0.021875307
avg_net_receive,481655651.9208941,-0.019894302
avg_net_receive,486150430.9052495,-0.017874748
avg_net_receive,490645209.88960487,-0.015825361
avg_net_receive,495139988.87396026,-0.013754949
avg_net_receive,499634767.85831565,-0.011672154
avg_net_receive,504129546.84267104,-0.009585783
avg_net_receive,508624325.8270264,-0.0075045377
avg_net_receive,513119104.8113818,-0.0054371655
avg_net_receive,517613883.7957372,-0.0033924282
avg_net_receive,522108662.7800926,-0.0013790131
avg_net_receive,526603441.764448,0.0005943179
avg_net_receive,531098220.7488034,0.0025188327
avg_net_receive,535592999.73315877,0.0043857694
avg_net_receive,540087778.7175142,0.0061864406
avg_net_receive,544582557.7018695,0.007912055
avg_net_receive,549077336.6862249,0.009553939
avg_net_receive,553572115.6705803,0.011103272
avg_net_receive,558066894.6549357,0.012551412
avg_net_receive,562561673.639291,0.013889551
avg_net_receive,567056452.6236465,0.015109092
avg_net_receive,571551231.6080018,0.01620546
avg_net_receive,576046010.5923573,0.0171801
avg_net_receive,580540789.5767126,0.018034816
avg_net_receive,585035568.561068,0.01877147
avg_net_receive,589530347.5454234,0.01939185
avg_net_receive,594025126.5297788,0.019897819
avg_net_receive,598519905.5141342,0.020291224
avg_net_receive,603014684.4984896,0.020573884
avg_net_receive,607509463.482845,0.020747647
avg_net_receive,612004242.4672004,0.02081436
avg_net_receive,616499021.4515558,0.020775825
avg_net_receive,620993800.4359112,0.020633876
avg_net_receive,625488579.4202666,0.020390391
avg_net_receive,629983358.404622,0.020047158
avg_net_receive,634478137.3889774,0.019606054
avg_net_receive,638972916.3733327,0.019068897
avg_net_receive,643467695.3576882,0.018437505
avg_net_receive,647962474.3420435,0.017713755
avg_net_receive,652457253.326399,0.016899437
avg_net_receive,656952032.3107543,0.015996411
avg_net_receive,661446811.2951097,0.015006542
avg_net_receive,665941590.2794651,0.013931572
avg_net_receive,670436369.2638205,0.012773439
avg_net_receive,674931148.2481759,0.011533946
avg_net_receive,679425927.2325313,0.010214925
avg_net_receive,683920706.2168866,0.0088181645
avg_net_receive,688415485.2012421,0.007345587
avg_net_receive,692910264.1855974,0.0057989657
avg_net_receive,697405043.1699529,0.004180178
avg_net_receive,701899822.1543082,0.0024909973
avg_net_receive,706394601.1386636,0.0007337481
avg_net_receive,710889380.123019,-0.0010869056
avg_net_receive,715384159.1073744,-0.0029655993
avg_net_receive,719878938.0917298,-0.00489676
avg_net_receive,724373717.0760852,-0.0068750083
avg_net_receive,728868496.0604405,-0.008894891
avg_net_receive,733363275.044796,-0.010950923
avg_net_receive,737858054.0291513,-0.013037637
avg_net_receive,742352833.0135068,-0.015149593
avg_net_receive,746847611.9978621,-0.017281353
avg_net_receive,751342390.9822176,-0.019427449
avg_net_receive,755837169.9665729,-0.021582425
avg_net_receive,760331948.9509283,-0.023740783
avg_net_receive,764826727.9352837,-0.02589716
avg_net_receive,769321506.9196391,-0.028046012
avg_net_receive,773816285.9039944,-0.030181885
avg_net_receive,778311064.8883499,-0.032299384
avg_net_receive,782805843.8727052,-0.034393042
avg_net_receive,787300622.8570607,-0.03645736
avg_net_receive,791795401.841416,-0.038486883
avg_net_receive,796290180.8257715,-0.040476173
avg_net_receive,800784959.8101268,-0.042419836
avg_net_receive,805279738.7944822,-0.0443123
avg_net_receive,809774517.7788376,-0.04614815
avg_net_receive,814269296.763193,-0.047922
avg_net_receive,818764075.7475483,-0.049628302
avg_net_receive,823258854.7319038,-0.051261634
avg_net_receive,827753633.7162591,-0.05281654
avg_net_receive,832248412.7006146,-0.054287583
avg_net_receive,836743191.6849699,-0.055669248
avg_net_receive,841237970.6693254,-0.056956246
avg_net_receive,845732749.6536807,-0.05814664
avg_net_receive,850227528.6380361,-0.059242815
avg_net_receive,854722307.6223915,-0.060247242
avg_net_receive,859217086.6067469,-0.0611625
avg_net_receive,863711865.5911022,-0.061991215
avg_net_receive,868206644.5754577,-0.062735856
avg_net_receive,872701423.559813,-0.06339905
avg_net_receive,877196202.5441685,-0.06398332
avg_net_receive,881690981.5285238,-0.06449127
avg_net_receive,886185760.5128793,-0.0649254
avg_net_receive,890680539.4972346,-0.065288335
avg_net_receive,895175318.48159,-0.06558259
avg_net_receive,899670097.4659455,-0.06581074
avg_net_receive,904164876.4503008,-0.06597537
avg_net_receive,908659655.4346563,-0.06607899
avg_net_receive,913154434.4190116,-0.0661242
avg_net_receive,917649213.403367,-0.06611355
avg_net_receive,922143992.3877224,-0.06604959
avg_net_receive,926638771.3720778,-0.0659349
avg_net_receive,931133550.3564332,-0.06577203
